GENOME_ASSEMBLY,CHROMOSOME,POSITION,REFERENCE_NUCLEOTIDE,ALTERNATE_NUCLEOTIDE,LABEL_SOURCE,RAW_LABEL,BINARY_LABEL
hg38,1,2489207,G,C,MSK_PASSENGER,,0
hg38,1,2491274,G,A,MSK_PASSENGER,,0
hg38,1,2491274,G,T,MSK_PASSENGER,,0
hg38,1,2559851,C,G,hotspot,,1
hg38,1,8013372,T,A,hotspot,,1
hg38,1,9719924,T,C,hotspot,,1
hg38,1,9726972,G,A,hotspot,,1
hg38,1,11109320,T,A,hotspot,,1
hg38,1,11114338,A,T,hotspot,,1
hg38,1,11117039,C,G,hotspot,,1
hg38,1,11124516,G,T,hotspot,,1
hg38,1,11128021,C,A,hotspot,,1
hg38,1,11128107,G,T,hotspot,,1
hg38,1,11128126,C,T,hotspot,,1
hg38,1,11129790,A,T,hotspot,,1
hg38,1,11130747,C,T,hotspot,,1
hg38,1,11157173,C,A,hotspot,,1
hg38,1,11157242,A,G,hotspot,,1
hg38,1,11157245,G,T,hotspot,,1
hg38,1,11189883,T,G,MSK_PASSENGER,,0
hg38,1,16255709,A,T,MSK_PASSENGER,,0
hg38,1,16255775,G,A,MSK_PASSENGER,,0
hg38,1,16256670,A,T,MSK_PASSENGER,,0
hg38,1,16256679,G,A,MSK_PASSENGER,,0
hg38,1,26773457,G,A,hotspot,,1
hg38,1,26774609,G,A,hotspot,,1
hg38,1,26779864,G,A,hotspot,,1
hg38,1,26780157,G,A,hotspot,,1
hg38,1,26780371,G,A,hotspot,,1
hg38,1,27101254,G,T,MSK_PASSENGER,,0
hg38,1,27101274,A,G,MSK_PASSENGER,,0
hg38,1,27105727,G,C,MSK_PASSENGER,,0
hg38,1,27105736,G,A,MSK_PASSENGER,,0
hg38,1,27105764,G,T,MSK_PASSENGER,,0
hg38,1,27105815,T,G,MSK_PASSENGER,,0
hg38,1,27105950,A,T,MSK_PASSENGER,,0
hg38,1,27106025,G,A,MSK_PASSENGER,,0
hg38,1,28279158,A,G,hotspot,,1
hg38,1,39322653,C,G,MSK_PASSENGER,,0
hg38,1,46512247,C,T,MSK_PASSENGER,,0
hg38,1,58782737,C,T,hotspot,,1
hg38,1,65309777,C,A,MSK_PASSENGER,,0
hg38,1,77962826,G,A,hotspot,,1
hg38,1,85267812,T,G,hotspot,,1
hg38,1,114713908,T,C,hotspot,,1
hg38,1,114716124,C,G,hotspot,,1
hg38,1,114716126,C,T,hotspot,,1
hg38,1,119997045,T,A,hotspot,,1
hg38,1,155904470,C,A,hotspot,,1
hg38,1,155904494,A,C,hotspot,,1
hg38,1,155904739,C,T,hotspot,,1
hg38,1,156841419,C,A,MSK_PASSENGER,,0
hg38,1,156841454,A,T,MSK_PASSENGER,,0
hg38,1,156841488,C,A,MSK_PASSENGER,,0
hg38,1,156841488,C,T,MSK_PASSENGER,,0
hg38,1,156844184,C,T,MSK_PASSENGER,,0
hg38,1,156844720,C,T,MSK_PASSENGER,,0
hg38,1,156844786,A,G,MSK_PASSENGER,,0
hg38,1,156845960,C,A,MSK_PASSENGER,,0
hg38,1,156845973,G,A,MSK_PASSENGER,,0
hg38,1,156849035,G,A,MSK_PASSENGER,,0
hg38,1,156851303,C,A,MSK_PASSENGER,,0
hg38,1,156851339,C,T,MSK_PASSENGER,,0
hg38,1,156851381,C,G,MSK_PASSENGER,,0
hg38,1,156851420,G,A,MSK_PASSENGER,,0
hg38,1,201982974,C,A,MSK_PASSENGER,,0
hg38,1,201983073,T,C,MSK_PASSENGER,,0
hg38,1,201983105,G,C,MSK_PASSENGER,,0
hg38,1,206648237,G,T,MSK_PASSENGER,,0
hg38,1,206648274,G,C,MSK_PASSENGER,,0
hg38,1,226064434,A,T,hotspot,,1
hg38,1,226064454,G,A,hotspot,,1
hg38,1,241504142,C,T,hotspot,,1
hg38,1,243695714,C,T,hotspot,,1
hg38,10,8064095,T,A,hotspot,,1
hg38,10,8073783,A,T,hotspot,,1
hg38,10,8073788,G,A,hotspot,,1
hg38,10,43121968,T,C,hotspot,,1
hg38,10,87864515,T,G,hotspot,,1
hg38,10,87864540,A,G,hotspot,,1
hg38,10,87864548,T,G,hotspot,,1
hg38,10,87894050,G,A,hotspot,,1
hg38,10,87894057,C,T,hotspot,,1
hg38,10,87925530,A,G,hotspot,,1
hg38,10,87925548,T,C,hotspot,,1
hg38,10,87925550,T,C,hotspot,,1
hg38,10,87931048,G,A,hotspot,,1
hg38,10,87933035,C,A,hotspot,,1
hg38,10,87933037,A,G,hotspot,,1
hg38,10,87933061,T,C,hotspot,,1
hg38,10,87933073,G,A,hotspot,,1
hg38,10,87933090,T,G,hotspot,,1
hg38,10,87933129,T,A,hotspot,,1
hg38,10,87933135,G,T,hotspot,,1
hg38,10,87933139,G,A,hotspot,,1
hg38,10,87933145,G,A,hotspot,,1
hg38,10,87933148,G,A,hotspot,,1
hg38,10,87933154,G,A,hotspot,,1
hg38,10,87933165,T,C,hotspot,,1
hg38,10,87933179,A,T,hotspot,,1
hg38,10,87933223,A,G,hotspot,,1
hg38,10,87952119,G,A,hotspot,,1
hg38,10,87952134,G,A,hotspot,,1
hg38,10,87952137,A,G,hotspot,,1
hg38,10,87952143,G,A,hotspot,,1
hg38,10,87952145,T,G,hotspot,,1
hg38,10,87952155,A,G,hotspot,,1
hg38,10,87952158,A,G,hotspot,,1
hg38,10,87957916,G,A,hotspot,,1
hg38,10,87957959,A,C,hotspot,,1
hg38,10,87957970,G,T,hotspot,,1
hg38,10,87960913,G,C,hotspot,,1
hg38,10,87960922,C,T,hotspot,,1
hg38,10,87961051,T,C,hotspot,,1
hg38,10,87961095,C,G,hotspot,,1
hg38,10,87965296,T,G,hotspot,,1
hg38,10,89717616,A,G,MSK_PASSENGER,,0
hg38,10,89717694,A,G,MSK_PASSENGER,,0
hg38,10,113165574,C,T,hotspot,,1
hg38,10,121498520,A,C,hotspot,,1
hg38,10,121515260,A,G,hotspot,,1
hg38,10,121515280,T,C,hotspot,,1
hg38,10,121520091,A,C,hotspot,,1
hg38,10,121520160,G,C,hotspot,,1
hg38,10,121520163,G,C,hotspot,,1
hg38,10,121551306,C,T,hotspot,,1
hg38,11,532643,A,G,MSK_PASSENGER,,0
hg38,11,532660,C,T,MSK_PASSENGER,,0
hg38,11,532676,C,T,MSK_PASSENGER,,0
hg38,11,532685,G,A,MSK_PASSENGER,,0
hg38,11,532700,C,T,MSK_PASSENGER,,0
hg38,11,532701,G,A,MSK_PASSENGER,,0
hg38,11,532716,G,A,MSK_PASSENGER,,0
hg38,11,532722,C,T,MSK_PASSENGER,,0
hg38,11,532724,C,T,MSK_PASSENGER,,0
hg38,11,532733,G,A,MSK_PASSENGER,,0
hg38,11,533461,T,C,MSK_PASSENGER,,0
hg38,11,533476,C,T,MSK_PASSENGER,,0
hg38,11,533478,A,G,MSK_PASSENGER,,0
hg38,11,533485,G,T,MSK_PASSENGER,,0
hg38,11,533532,G,A,MSK_PASSENGER,,0
hg38,11,533539,C,A,MSK_PASSENGER,,0
hg38,11,533552,C,A,hotspot,,1
hg38,11,533563,C,A,MSK_PASSENGER,,0
hg38,11,533569,C,T,MSK_PASSENGER,,0
hg38,11,533578,C,T,MSK_PASSENGER,,0
hg38,11,533604,A,T,MSK_PASSENGER,,0
hg38,11,533782,C,T,MSK_PASSENGER,,0
hg38,11,533785,C,G,MSK_PASSENGER,,0
hg38,11,533836,T,C,MSK_PASSENGER,,0
hg38,11,533853,C,T,MSK_PASSENGER,,0
hg38,11,533854,G,A,MSK_PASSENGER,,0
hg38,11,533857,T,C,MSK_PASSENGER,,0
hg38,11,533860,C,T,MSK_PASSENGER,,0
hg38,11,533874,T,C,hotspot,,1
hg38,11,533877,C,T,MSK_PASSENGER,,0
hg38,11,533885,A,C,MSK_PASSENGER,,0
hg38,11,533919,A,G,MSK_PASSENGER,,0
hg38,11,534226,C,A,MSK_PASSENGER,,0
hg38,11,534232,C,T,MSK_PASSENGER,,0
hg38,11,534244,G,A,MSK_PASSENGER,,0
hg38,11,534248,C,A,MSK_PASSENGER,,0
hg38,11,534286,C,G,hotspot,,1
hg38,11,534288,C,T,hotspot,,1
hg38,11,534289,C,T,MSK_PASSENGER,,0
hg38,11,534304,C,G,MSK_PASSENGER,,0
hg38,11,534318,G,A,MSK_PASSENGER,,0
hg38,11,14294844,T,A,hotspot,,1
hg38,11,17720147,T,G,hotspot,,1
hg38,11,61430175,C,T,hotspot,,1
hg38,11,64361697,C,T,hotspot,,1
hg38,11,64370312,C,T,hotspot,,1
hg38,11,69641443,T,G,hotspot,,1
hg38,11,69641452,T,A,hotspot,,1
hg38,11,69651251,C,T,hotspot,,1
hg38,11,69651253,C,T,hotspot,,1
hg38,11,72228216,G,A,hotspot,,1
hg38,11,72238043,C,A,hotspot,,1
hg38,11,100933223,C,T,MSK_PASSENGER,,0
hg38,11,100933240,C,A,MSK_PASSENGER,,0
hg38,11,100933241,T,A,MSK_PASSENGER,,0
hg38,11,108121609,G,C,MSK_PASSENGER,,0
hg38,11,108172433,G,A,MSK_PASSENGER,,0
hg38,11,108173699,T,A,MSK_PASSENGER,,0
hg38,11,108186554,T,G,MSK_PASSENGER,,0
hg38,11,108235836,T,G,MSK_PASSENGER,,0
hg38,11,108244874,G,C,hotspot,,1
hg38,11,108247071,C,T,hotspot,,1
hg38,11,108289762,G,A,hotspot,,1
hg38,11,108345818,C,T,hotspot,,1
hg38,11,108347318,A,G,hotspot,,1
hg38,11,108347357,T,C,hotspot,,1
hg38,11,108347363,T,C,hotspot,,1
hg38,11,108365360,G,A,hotspot,,1
hg38,11,118368738,G,A,MSK_PASSENGER,,0
hg38,11,118368739,A,G,MSK_PASSENGER,,0
hg38,11,118373202,A,G,MSK_PASSENGER,,0
hg38,11,118373560,G,A,MSK_PASSENGER,,0
hg38,11,118373618,G,T,MSK_PASSENGER,,0
hg38,11,118373683,C,T,MSK_PASSENGER,,0
hg38,11,118374901,G,A,MSK_PASSENGER,,0
hg38,11,118375035,A,G,MSK_PASSENGER,,0
hg38,11,118392792,G,A,MSK_PASSENGER,,0
hg38,11,118392843,C,T,MSK_PASSENGER,,0
hg38,11,119278220,T,C,hotspot,,1
hg38,12,913902,C,T,hotspot,,1
hg38,12,11884540,C,T,hotspot,,1
hg38,12,12718054,G,A,hotspot,,1
hg38,12,18491472,G,T,MSK_PASSENGER,,0
hg38,12,25225628,C,T,hotspot,,1
hg38,12,25225713,T,A,hotspot,,1
hg38,12,25227341,T,A,hotspot,,1
hg38,12,25227349,C,T,hotspot,,1
hg38,12,25245286,A,C,hotspot,,1
hg38,12,25245321,G,T,hotspot,,1
hg38,12,25245328,C,A,hotspot,,1
hg38,12,25245347,C,T,hotspot,,1
hg38,12,25245350,C,T,hotspot,,1
hg38,12,25245372,T,C,hotspot,,1
hg38,12,45836858,C,T,hotspot,,1
hg38,12,45836908,C,T,hotspot,,1
hg38,12,49022634,G,A,hotspot,,1
hg38,12,49026430,C,T,hotspot,,1
hg38,12,50087379,G,A,hotspot,,1
hg38,12,56083847,T,A,hotspot,,1
hg38,12,56085033,G,A,hotspot,,1
hg38,12,56085068,G,A,hotspot,,1
hg38,12,56085070,G,A,hotspot,,1
hg38,12,56085138,C,A,hotspot,,1
hg38,12,56087836,T,C,hotspot,,1
hg38,12,56087865,T,A,hotspot,,1
hg38,12,56087876,C,T,hotspot,,1
hg38,12,56088138,G,A,hotspot,,1
hg38,12,56088557,G,T,hotspot,,1
hg38,12,56088653,A,G,hotspot,,1
hg38,12,56088753,G,A,hotspot,,1
hg38,12,56088823,C,T,hotspot,,1
hg38,12,56093493,C,T,hotspot,,1
hg38,12,56097861,G,T,hotspot,,1
hg38,12,56098849,A,G,hotspot,,1
hg38,12,57468055,G,A,hotspot,,1
hg38,12,57751647,C,A,hotspot,,1
hg38,12,57751653,T,A,hotspot,,1
hg38,12,112450361,G,T,hotspot,,1
hg38,12,112450385,G,A,hotspot,,1
hg38,12,112450394,G,A,hotspot,,1
hg38,12,112450406,G,A,hotspot,,1
hg38,12,112477651,T,C,hotspot,,1
hg38,12,112477719,A,G,hotspot,,1
hg38,12,112488444,G,A,hotspot,,1
hg38,12,112488466,C,T,hotspot,,1
hg38,12,112489084,G,T,hotspot,,1
hg38,12,112489096,C,A,hotspot,,1
hg38,12,112489105,A,T,hotspot,,1
hg38,12,114682864,A,G,hotspot,,1
hg38,12,120978847,A,C,hotspot,,1
hg38,12,120988847,G,A,hotspot,,1
hg38,12,123875244,G,A,MSK_PASSENGER,,0
hg38,12,132673703,C,A,hotspot,,1
hg38,12,132676598,G,C,hotspot,,1
hg38,12,132687264,C,T,hotspot,,1
hg38,12,133202251,C,T,MSK_PASSENGER,,0
hg38,12,133202293,T,A,MSK_PASSENGER,,0
hg38,12,133202301,G,A,MSK_PASSENGER,,0
hg38,12,133202720,C,G,MSK_PASSENGER,,0
hg38,12,133202828,C,T,MSK_PASSENGER,,0
hg38,12,133202834,C,T,MSK_PASSENGER,,0
hg38,12,133218967,T,C,MSK_PASSENGER,,0
hg38,12,133219305,C,T,MSK_PASSENGER,,0
hg38,12,133226349,C,T,MSK_PASSENGER,,0
hg38,12,133226355,G,A,MSK_PASSENGER,,0
hg38,12,133226421,C,G,MSK_PASSENGER,,0
hg38,13,28018505,C,A,hotspot,,1
hg38,13,40665599,C,T,hotspot,,1
hg38,13,40666142,G,A,hotspot,,1
hg38,13,40666149,A,G,hotspot,,1
hg38,13,41240268,G,A,MSK_PASSENGER,,0
hg38,13,48362848,G,A,hotspot,,1
hg38,13,48456206,A,G,hotspot,,1
hg38,13,48707203,T,A,hotspot,,1
hg38,13,72761926,C,T,hotspot,,1
hg38,13,72761964,T,A,hotspot,,1
hg38,13,72763512,C,T,hotspot,,1
hg38,13,72772200,C,T,hotspot,,1
hg38,13,72772227,C,A,hotspot,,1
hg38,13,72773778,C,T,hotspot,,1
hg38,13,109782884,C,T,hotspot,,1
hg38,13,110436306,C,T,MSK_PASSENGER,,0
hg38,13,110436369,T,C,MSK_PASSENGER,,0
hg38,14,37591986,G,C,hotspot,,1
hg38,14,37592003,G,C,hotspot,,1
hg38,14,37592008,T,C,hotspot,,1
hg38,14,37592026,A,T,hotspot,,1
hg38,14,37592035,G,A,hotspot,,1
hg38,14,37592045,G,A,hotspot,,1
hg38,14,37592108,C,T,hotspot,,1
hg38,14,37592129,G,A,hotspot,,1
hg38,14,37592258,T,C,hotspot,,1
hg38,14,65078029,C,T,hotspot,,1
hg38,14,65093773,T,A,hotspot,,1
hg38,14,65093796,T,C,hotspot,,1
hg38,14,95091292,T,C,hotspot,,1
hg38,14,95091302,C,T,hotspot,,1
hg38,14,95094127,C,T,hotspot,,1
hg38,14,95103365,G,A,hotspot,,1
hg38,14,104773082,T,C,hotspot,,1
hg38,14,104776711,G,T,hotspot,,1
hg38,14,104780108,A,C,hotspot,,1
hg38,14,104780214,C,T,hotspot,,1
hg38,15,38351376,G,T,hotspot,,1
hg38,15,40382900,G,A,hotspot,,1
hg38,15,41020956,G,A,MSK_PASSENGER,,0
hg38,15,43766897,C,T,MSK_PASSENGER,,0
hg38,15,44711566,T,C,hotspot,,1
hg38,15,44711581,T,C,hotspot,,1
hg38,15,66435103,T,C,hotspot,,1
hg38,15,66435113,A,C,hotspot,,1
hg38,15,66435117,G,C,hotspot,,1
hg38,15,66436815,T,A,hotspot,,1
hg38,15,66436818,A,G,hotspot,,1
hg38,15,66436824,C,T,hotspot,,1
hg38,15,66436837,G,A,hotspot,,1
hg38,15,66436843,A,G,hotspot,,1
hg38,15,66481793,G,A,hotspot,,1
hg38,15,67181384,C,T,hotspot,,1
hg38,15,67181441,C,T,hotspot,,1
hg38,15,88472644,C,T,MSK_PASSENGER,,0
hg38,15,90088606,C,T,hotspot,,1
hg38,15,90088702,C,T,hotspot,,1
hg38,15,98707853,G,C,hotspot,,1
hg38,16,2089939,C,A,MSK_PASSENGER,,0
hg38,16,2090014,C,T,MSK_PASSENGER,,0
hg38,16,2093621,G,A,MSK_PASSENGER,,0
hg38,16,2100431,C,T,MSK_PASSENGER,,0
hg38,16,2103346,G,A,MSK_PASSENGER,,0
hg38,16,2103437,C,G,MSK_PASSENGER,,0
hg38,16,2105444,G,C,MSK_PASSENGER,,0
hg38,16,2110704,G,C,MSK_PASSENGER,,0
hg38,16,2110762,T,C,MSK_PASSENGER,,0
hg38,16,2114280,T,C,MSK_PASSENGER,,0
hg38,16,2114289,C,T,MSK_PASSENGER,,0
hg38,16,2115574,G,A,MSK_PASSENGER,,0
hg38,16,2172281,G,T,hotspot,,1
hg38,16,2175555,A,G,hotspot,,1
hg38,16,2597216,C,T,hotspot,,1
hg38,16,3658818,C,G,MSK_PASSENGER,,0
hg38,16,3736703,A,G,hotspot,,1
hg38,16,3736704,C,A,hotspot,,1
hg38,16,3736714,A,G,hotspot,,1
hg38,16,3736765,T,C,hotspot,,1
hg38,16,3736794,C,A,hotspot,,1
hg38,16,3738605,A,C,hotspot,,1
hg38,16,3738617,G,A,hotspot,,1
hg38,16,3738649,T,C,hotspot,,1
hg38,16,3781210,G,A,MSK_PASSENGER,,0
hg38,16,11255472,C,T,hotspot,,1
hg38,16,56748287,G,A,hotspot,,1
hg38,16,56748290,C,A,hotspot,,1
hg38,16,56868304,G,C,MSK_PASSENGER,,0
hg38,16,67611509,A,G,hotspot,,1
hg38,16,67612019,C,T,hotspot,,1
hg38,16,67612031,C,G,hotspot,,1
hg38,16,67616853,C,T,hotspot,,1
hg38,16,67620739,C,T,hotspot,,1
hg38,16,67654676,G,A,MSK_PASSENGER,,0
hg38,16,68808730,A,G,hotspot,,1
hg38,16,68810269,G,A,hotspot,,1
hg38,16,68811714,A,T,hotspot,,1
hg38,16,68811855,G,A,hotspot,,1
hg38,16,68867208,G,C,MSK_PASSENGER,,0
hg38,16,68867214,G,A,MSK_PASSENGER,,0
hg38,16,81946225,G,A,MSK_PASSENGER,,0
hg38,16,89285436,T,C,hotspot,,1
hg38,16,89805318,G,A,MSK_PASSENGER,,0
hg38,16,89845355,C,T,MSK_PASSENGER,,0
hg38,17,7577058,C,G,MSK_PASSENGER,,0
hg38,17,7577091,G,A,MSK_PASSENGER,,0
hg38,17,7577124,C,T,MSK_PASSENGER,,0
hg38,17,7577572,T,C,MSK_PASSENGER,,0
hg38,17,7577590,T,G,MSK_PASSENGER,,0
hg38,17,7578204,A,T,MSK_PASSENGER,,0
hg38,17,7578238,T,C,MSK_PASSENGER,,0
hg38,17,7578245,G,A,MSK_PASSENGER,,0
hg38,17,7578412,A,G,MSK_PASSENGER,,0
hg38,17,7578425,T,C,MSK_PASSENGER,,0
hg38,17,7578472,G,T,MSK_PASSENGER,,0
hg38,17,7670684,C,G,hotspot,,1
hg38,17,7670700,G,A,hotspot,,1
hg38,17,7673535,C,A,hotspot,,1
hg38,17,7673703,C,T,hotspot,,1
hg38,17,7673728,C,G,hotspot,,1
hg38,17,7673764,C,T,hotspot,,1
hg38,17,7673767,C,T,hotspot,,1
hg38,17,7673776,G,A,hotspot,,1
hg38,17,7673777,G,C,hotspot,,1
hg38,17,7673781,C,T,hotspot,,1
hg38,17,7673788,G,A,hotspot,,1
hg38,17,7673790,C,A,hotspot,,1
hg38,17,7673796,C,A,hotspot,,1
hg38,17,7673800,C,A,hotspot,,1
hg38,17,7673803,G,A,hotspot,,1
hg38,17,7673806,C,T,hotspot,,1
hg38,17,7673809,C,T,hotspot,,1
hg38,17,7673810,A,C,hotspot,,1
hg38,17,7673821,G,A,hotspot,,1
hg38,17,7673824,C,G,hotspot,,1
hg38,17,7673826,A,G,hotspot,,1
hg38,17,7673835,C,A,hotspot,,1
hg38,17,7674188,C,A,hotspot,,1
hg38,17,7674191,C,T,hotspot,,1
hg38,17,7674193,A,T,hotspot,,1
hg38,17,7674200,T,A,hotspot,,1
hg38,17,7674202,A,C,hotspot,,1
hg38,17,7674212,T,A,hotspot,,1
hg38,17,7674214,G,A,hotspot,,1
hg38,17,7674216,C,A,hotspot,,1
hg38,17,7674220,C,T,hotspot,,1
hg38,17,7674223,T,A,hotspot,,1
hg38,17,7674227,T,C,hotspot,,1
hg38,17,7674230,C,T,hotspot,,1
hg38,17,7674232,C,T,hotspot,,1
hg38,17,7674238,C,A,hotspot,,1
hg38,17,7674241,G,A,hotspot,,1
hg38,17,7674247,T,C,hotspot,,1
hg38,17,7674250,C,T,hotspot,,1
hg38,17,7674252,C,A,hotspot,,1
hg38,17,7674256,T,C,hotspot,,1
hg38,17,7674262,T,C,hotspot,,1
hg38,17,7674268,A,C,hotspot,,1
hg38,17,7674872,T,C,hotspot,,1
hg38,17,7674878,A,C,hotspot,,1
hg38,17,7674885,C,T,hotspot,,1
hg38,17,7674887,C,A,hotspot,,1
hg38,17,7674890,T,C,hotspot,,1
hg38,17,7674893,C,T,hotspot,,1
hg38,17,7674908,T,A,hotspot,,1
hg38,17,7674917,T,C,hotspot,,1
hg38,17,7674942,C,A,hotspot,,1
hg38,17,7674944,C,G,hotspot,,1
hg38,17,7674947,A,G,hotspot,,1
hg38,17,7674950,A,C,hotspot,,1
hg38,17,7674953,T,C,hotspot,,1
hg38,17,7674962,G,A,hotspot,,1
hg38,17,7675071,G,A,hotspot,,1
hg38,17,7675076,T,C,hotspot,,1
hg38,17,7675080,G,C,hotspot,,1
hg38,17,7675085,C,A,hotspot,,1
hg38,17,7675088,C,T,hotspot,,1
hg38,17,7675095,C,A,hotspot,,1
hg38,17,7675098,C,A,hotspot,,1
hg38,17,7675109,T,C,hotspot,,1
hg38,17,7675117,C,A,hotspot,,1
hg38,17,7675122,T,C,hotspot,,1
hg38,17,7675124,T,C,hotspot,,1
hg38,17,7675131,C,T,hotspot,,1
hg38,17,7675136,G,A,hotspot,,1
hg38,17,7675139,C,A,hotspot,,1
hg38,17,7675143,C,A,hotspot,,1
hg38,17,7675148,G,T,hotspot,,1
hg38,17,7675151,C,A,hotspot,,1
hg38,17,7675157,G,A,hotspot,,1
hg38,17,7675161,G,A,hotspot,,1
hg38,17,7675174,C,G,hotspot,,1
hg38,17,7675181,T,G,hotspot,,1
hg38,17,7675185,C,T,hotspot,,1
hg38,17,7675190,C,T,hotspot,,1
hg38,17,7675206,G,C,hotspot,,1
hg38,17,7675208,C,T,hotspot,,1
hg38,17,7675210,A,C,hotspot,,1
hg38,17,7675214,A,T,hotspot,,1
hg38,17,7675216,C,A,hotspot,,1
hg38,17,7675220,T,A,hotspot,,1
hg38,17,7675224,G,C,hotspot,,1
hg38,17,7675232,G,A,hotspot,,1
hg38,17,7675235,T,C,hotspot,,1
hg38,17,7675995,G,A,hotspot,,1
hg38,17,7676011,T,C,hotspot,,1
hg38,17,7676031,A,C,hotspot,,1
hg38,17,7676037,A,G,hotspot,,1
hg38,17,7676043,A,G,hotspot,,1
hg38,17,7676050,A,C,hotspot,,1
hg38,17,7676056,C,A,hotspot,,1
hg38,17,7676057,C,A,hotspot,,1
hg38,17,8108545,G,A,MSK_PASSENGER,,0
hg38,17,8110165,C,T,MSK_PASSENGER,,0
hg38,17,8110524,C,T,MSK_PASSENGER,,0
hg38,17,12081466,G,A,hotspot,,1
hg38,17,12095581,C,T,hotspot,,1
hg38,17,12107827,C,T,hotspot,,1
hg38,17,15974936,T,G,MSK_PASSENGER,,0
hg38,17,16062127,G,A,MSK_PASSENGER,,0
hg38,17,16062159,G,A,MSK_PASSENGER,,0
hg38,17,29562689,C,T,MSK_PASSENGER,,0
hg38,17,29563007,G,T,MSK_PASSENGER,,0
hg38,17,29563033,C,T,MSK_PASSENGER,,0
hg38,17,31206298,G,A,hotspot,,1
hg38,17,31206361,G,A,hotspot,,1
hg38,17,31327839,G,A,hotspot,,1
hg38,17,31350210,G,A,hotspot,,1
hg38,17,31940313,G,A,hotspot,,1
hg38,17,37687288,C,T,MSK_PASSENGER,,0
hg38,17,38510602,T,C,MSK_PASSENGER,,0
hg38,17,38510665,G,A,MSK_PASSENGER,,0
hg38,17,39511531,G,A,hotspot,,1
hg38,17,39708403,G,A,hotspot,,1
hg38,17,39708508,G,A,hotspot,,1
hg38,17,39710409,G,T,hotspot,,1
hg38,17,39710457,G,A,hotspot,,1
hg38,17,39711955,C,T,hotspot,,1
hg38,17,39723351,G,A,hotspot,,1
hg38,17,39723405,G,A,hotspot,,1
hg38,17,39723541,G,C,hotspot,,1
hg38,17,39723650,C,T,hotspot,,1
hg38,17,39723967,T,C,hotspot,,1
hg38,17,39724004,C,G,hotspot,,1
hg38,17,39724008,G,T,hotspot,,1
hg38,17,39724745,G,T,hotspot,,1
hg38,17,39724747,G,C,hotspot,,1
hg38,17,39725079,G,A,hotspot,,1
hg38,17,39725139,A,G,hotspot,,1
hg38,17,39725161,T,G,hotspot,,1
hg38,17,40354351,T,C,hotspot,,1
hg38,17,40354443,C,A,MSK_PASSENGER,,0
hg38,17,40444050,G,C,MSK_PASSENGER,,0
hg38,17,40456575,C,T,MSK_PASSENGER,,0
hg38,17,40876390,C,T,MSK_PASSENGER,,0
hg38,17,41276110,C,A,MSK_PASSENGER,,0
hg38,17,42322401,T,A,hotspot,,1
hg38,17,42323050,G,C,hotspot,,1
hg38,17,42329558,T,C,hotspot,,1
hg38,17,42329635,A,C,hotspot,,1
hg38,17,47696742,A,G,MSK_PASSENGER,,0
hg38,17,47699412,G,T,MSK_PASSENGER,,0
hg38,17,49619062,G,C,hotspot,,1
hg38,17,49619070,A,C,hotspot,,1
hg38,17,49619076,T,C,hotspot,,1
hg38,17,49619086,A,C,hotspot,,1
hg38,17,49619237,T,C,hotspot,,1
hg38,17,49619281,A,C,hotspot,,1
hg38,17,49619327,A,T,hotspot,,1
hg38,17,58371029,T,C,hotspot,,1
hg38,17,58692704,C,T,hotspot,,1
hg38,17,58703294,T,C,hotspot,,1
hg38,17,58734131,G,A,MSK_PASSENGER,,0
hg38,17,58734177,C,T,MSK_PASSENGER,,0
hg38,17,59886090,C,A,MSK_PASSENGER,,0
hg38,17,59934439,C,A,MSK_PASSENGER,,0
hg38,17,59934482,G,A,MSK_PASSENGER,,0
hg38,17,63530102,C,T,MSK_PASSENGER,,0
hg38,17,63530103,G,A,MSK_PASSENGER,,0
hg38,17,63530133,A,T,MSK_PASSENGER,,0
hg38,17,63533913,C,A,MSK_PASSENGER,,0
hg38,17,63533932,C,T,MSK_PASSENGER,,0
hg38,17,63545762,C,A,MSK_PASSENGER,,0
hg38,17,63929439,A,G,hotspot,,1
hg38,17,76736877,G,A,hotspot,,1
hg38,17,80707908,G,A,hotspot,,1
hg38,18,724431,T,A,MSK_PASSENGER,,0
hg38,18,724462,C,A,MSK_PASSENGER,,0
hg38,18,724503,G,A,MSK_PASSENGER,,0
hg38,18,724516,C,G,MSK_PASSENGER,,0
hg38,18,724543,T,A,MSK_PASSENGER,,0
hg38,18,724551,T,A,MSK_PASSENGER,,0
hg38,18,724557,G,A,MSK_PASSENGER,,0
hg38,18,724581,G,T,MSK_PASSENGER,,0
hg38,18,732848,C,T,MSK_PASSENGER,,0
hg38,18,732914,C,T,MSK_PASSENGER,,0
hg38,18,732954,G,A,MSK_PASSENGER,,0
hg38,18,736813,C,A,MSK_PASSENGER,,0
hg38,18,736889,C,A,MSK_PASSENGER,,0
hg38,18,736897,T,G,MSK_PASSENGER,,0
hg38,18,736898,T,C,MSK_PASSENGER,,0
hg38,18,736907,G,A,MSK_PASSENGER,,0
hg38,18,736933,C,A,MSK_PASSENGER,,0
hg38,18,736937,C,T,MSK_PASSENGER,,0
hg38,18,736952,C,A,MSK_PASSENGER,,0
hg38,18,739749,C,T,MSK_PASSENGER,,0
hg38,18,739760,G,T,MSK_PASSENGER,,0
hg38,18,739782,C,G,MSK_PASSENGER,,0
hg38,18,742921,T,G,MSK_PASSENGER,,0
hg38,18,742923,G,A,MSK_PASSENGER,,0
hg38,18,742925,C,T,MSK_PASSENGER,,0
hg38,18,742933,C,T,MSK_PASSENGER,,0
hg38,18,742948,T,C,MSK_PASSENGER,,0
hg38,18,742956,T,C,MSK_PASSENGER,,0
hg38,18,742959,G,C,MSK_PASSENGER,,0
hg38,18,742978,G,C,MSK_PASSENGER,,0
hg38,18,742983,A,G,MSK_PASSENGER,,0
hg38,18,742996,T,C,MSK_PASSENGER,,0
hg38,18,743012,C,A,MSK_PASSENGER,,0
hg38,18,743014,G,C,MSK_PASSENGER,,0
hg38,18,743035,C,G,MSK_PASSENGER,,0
hg38,18,743053,G,A,MSK_PASSENGER,,0
hg38,18,743082,G,A,MSK_PASSENGER,,0
hg38,18,743289,C,T,MSK_PASSENGER,,0
hg38,18,743327,T,G,MSK_PASSENGER,,0
hg38,18,743328,T,C,MSK_PASSENGER,,0
hg38,18,743329,C,T,MSK_PASSENGER,,0
hg38,18,743332,A,T,MSK_PASSENGER,,0
hg38,18,743338,C,A,MSK_PASSENGER,,0
hg38,18,743344,C,T,MSK_PASSENGER,,0
hg38,18,743374,G,A,MSK_PASSENGER,,0
hg38,18,743376,C,T,MSK_PASSENGER,,0
hg38,18,745711,T,C,MSK_PASSENGER,,0
hg38,18,745735,G,C,MSK_PASSENGER,,0
hg38,18,745803,T,C,MSK_PASSENGER,,0
hg38,18,745837,G,A,MSK_PASSENGER,,0
hg38,18,745842,G,A,MSK_PASSENGER,,0
hg38,18,745846,G,A,MSK_PASSENGER,,0
hg38,18,745967,T,A,MSK_PASSENGER,,0
hg38,18,745968,C,G,MSK_PASSENGER,,0
hg38,18,746034,A,G,MSK_PASSENGER,,0
hg38,18,747930,G,C,MSK_PASSENGER,,0
hg38,18,747947,G,A,MSK_PASSENGER,,0
hg38,18,747948,C,T,MSK_PASSENGER,,0
hg38,18,747962,G,A,MSK_PASSENGER,,0
hg38,18,751726,C,A,MSK_PASSENGER,,0
hg38,18,751751,C,T,MSK_PASSENGER,,0
hg38,18,751768,T,C,MSK_PASSENGER,,0
hg38,18,751775,C,G,MSK_PASSENGER,,0
hg38,18,756562,A,G,MSK_PASSENGER,,0
hg38,18,756566,C,A,MSK_PASSENGER,,0
hg38,18,756583,G,A,MSK_PASSENGER,,0
hg38,18,756587,C,A,MSK_PASSENGER,,0
hg38,18,756598,G,A,MSK_PASSENGER,,0
hg38,18,756622,G,A,MSK_PASSENGER,,0
hg38,18,756664,C,A,MSK_PASSENGER,,0
hg38,18,756677,C,T,MSK_PASSENGER,,0
hg38,18,756697,G,A,MSK_PASSENGER,,0
hg38,18,756761,C,T,MSK_PASSENGER,,0
hg38,18,756778,C,T,MSK_PASSENGER,,0
hg38,18,756806,C,G,MSK_PASSENGER,,0
hg38,18,756815,T,C,MSK_PASSENGER,,0
hg38,18,47841843,C,A,hotspot,,1
hg38,18,47848510,C,T,hotspot,,1
hg38,18,47848558,G,A,hotspot,,1
hg38,18,47848564,G,C,hotspot,,1
hg38,18,51048720,A,G,hotspot,,1
hg38,18,51048789,C,T,hotspot,,1
hg38,18,51065455,G,A,hotspot,,1
hg38,18,51065518,G,T,hotspot,,1
hg38,18,51065522,G,A,hotspot,,1
hg38,18,51065524,T,A,hotspot,,1
hg38,18,51065531,A,G,hotspot,,1
hg38,18,51065534,C,T,hotspot,,1
hg38,18,51065549,G,A,hotspot,,1
hg38,18,51065555,G,T,hotspot,,1
hg38,18,51067036,G,A,hotspot,,1
hg38,18,51067134,G,T,hotspot,,1
hg38,18,51076663,G,A,hotspot,,1
hg38,18,51078285,G,A,hotspot,,1
hg38,18,51078336,G,A,hotspot,,1
hg38,18,51078380,G,C,hotspot,,1
hg38,18,51078384,G,A,hotspot,,1
hg38,18,51078409,A,C,hotspot,,1
hg38,18,51078415,T,C,hotspot,,1
hg38,18,51078418,A,G,hotspot,,1
hg38,18,63318152,T,C,hotspot,,1
hg38,18,63318275,G,T,hotspot,,1
hg38,19,1206916,G,C,MSK_PASSENGER,,0
hg38,19,1207072,C,A,MSK_PASSENGER,,0
hg38,19,1207134,G,C,MSK_PASSENGER,,0
hg38,19,1207178,C,T,MSK_PASSENGER,,0
hg38,19,1207184,G,T,MSK_PASSENGER,,0
hg38,19,1219336,G,A,MSK_PASSENGER,,0
hg38,19,1219360,G,C,MSK_PASSENGER,,0
hg38,19,1219391,T,C,MSK_PASSENGER,,0
hg38,19,1220401,G,C,hotspot,,1
hg38,19,1220443,C,A,MSK_PASSENGER,,0
hg38,19,1220444,C,T,hotspot,,1
hg38,19,1220450,A,T,hotspot,,1
hg38,19,1220488,G,T,hotspot,,1
hg38,19,1220494,G,T,MSK_PASSENGER,,0
hg38,19,1220495,G,T,hotspot,,1
hg38,19,1220630,C,T,hotspot,,1
hg38,19,1220642,A,C,hotspot,,1
hg38,19,1220645,C,T,hotspot,,1
hg38,19,1220650,G,A,hotspot,,1
hg38,19,1220700,G,T,hotspot,,1
hg38,19,1220707,G,T,MSK_PASSENGER,,0
hg38,19,1220708,G,T,hotspot,,1
hg38,19,1221230,G,T,hotspot,,1
hg38,19,1221966,C,T,MSK_PASSENGER,,0
hg38,19,1222987,G,T,hotspot,,1
hg38,19,1226483,A,G,MSK_PASSENGER,,0
hg38,19,1226569,C,T,MSK_PASSENGER,,0
hg38,19,1611717,C,T,MSK_PASSENGER,,0
hg38,19,1615719,T,C,MSK_PASSENGER,,0
hg38,19,1619347,G,A,MSK_PASSENGER,,0
hg38,19,1619374,C,T,MSK_PASSENGER,,0
hg38,19,1619823,G,A,MSK_PASSENGER,,0
hg38,19,1621149,C,T,MSK_PASSENGER,,0
hg38,19,1622187,G,A,MSK_PASSENGER,,0
hg38,19,1622363,G,A,MSK_PASSENGER,,0
hg38,19,1622384,C,T,MSK_PASSENGER,,0
hg38,19,1623974,C,A,MSK_PASSENGER,,0
hg38,19,1625656,G,A,MSK_PASSENGER,,0
hg38,19,1625692,C,G,MSK_PASSENGER,,0
hg38,19,1627372,C,A,MSK_PASSENGER,,0
hg38,19,1627417,C,T,MSK_PASSENGER,,0
hg38,19,1632056,G,C,MSK_PASSENGER,,0
hg38,19,1632103,C,T,MSK_PASSENGER,,0
hg38,19,1632361,G,T,MSK_PASSENGER,,0
hg38,19,1632366,C,T,MSK_PASSENGER,,0
hg38,19,1632390,G,A,MSK_PASSENGER,,0
hg38,19,1650223,G,A,MSK_PASSENGER,,0
hg38,19,2185874,C,T,MSK_PASSENGER,,0
hg38,19,2185898,A,T,MSK_PASSENGER,,0
hg38,19,2191015,A,C,MSK_PASSENGER,,0
hg38,19,2191030,C,T,MSK_PASSENGER,,0
hg38,19,2193766,C,T,MSK_PASSENGER,,0
hg38,19,2194536,A,T,MSK_PASSENGER,,0
hg38,19,2194560,A,C,MSK_PASSENGER,,0
hg38,19,2199893,G,A,MSK_PASSENGER,,0
hg38,19,2199918,G,T,MSK_PASSENGER,,0
hg38,19,2206752,C,G,MSK_PASSENGER,,0
hg38,19,2206761,C,A,MSK_PASSENGER,,0
hg38,19,2207609,C,T,MSK_PASSENGER,,0
hg38,19,2207618,G,A,MSK_PASSENGER,,0
hg38,19,2210472,C,A,MSK_PASSENGER,,0
hg38,19,2210675,C,T,MSK_PASSENGER,,0
hg38,19,2210756,A,G,MSK_PASSENGER,,0
hg38,19,2211167,C,T,MSK_PASSENGER,,0
hg38,19,2211188,C,A,MSK_PASSENGER,,0
hg38,19,2213612,G,C,MSK_PASSENGER,,0
hg38,19,2213969,G,A,MSK_PASSENGER,,0
hg38,19,2214474,A,T,MSK_PASSENGER,,0
hg38,19,2216319,G,C,MSK_PASSENGER,,0
hg38,19,2216482,C,T,MSK_PASSENGER,,0
hg38,19,2216629,C,T,MSK_PASSENGER,,0
hg38,19,2216740,C,T,MSK_PASSENGER,,0
hg38,19,2216983,C,T,MSK_PASSENGER,,0
hg38,19,2217034,C,T,MSK_PASSENGER,,0
hg38,19,2217049,C,A,MSK_PASSENGER,,0
hg38,19,2217865,C,T,MSK_PASSENGER,,0
hg38,19,2217877,C,T,MSK_PASSENGER,,0
hg38,19,2222016,G,C,MSK_PASSENGER,,0
hg38,19,2222026,C,T,MSK_PASSENGER,,0
hg38,19,2222155,A,G,MSK_PASSENGER,,0
hg38,19,2222173,C,T,MSK_PASSENGER,,0
hg38,19,2222230,C,T,MSK_PASSENGER,,0
hg38,19,2222254,C,A,MSK_PASSENGER,,0
hg38,19,2222278,C,T,MSK_PASSENGER,,0
hg38,19,2223350,C,G,MSK_PASSENGER,,0
hg38,19,2225431,C,T,MSK_PASSENGER,,0
hg38,19,2226299,C,T,MSK_PASSENGER,,0
hg38,19,2226410,C,T,MSK_PASSENGER,,0
hg38,19,2226443,C,T,MSK_PASSENGER,,0
hg38,19,2226454,C,A,MSK_PASSENGER,,0
hg38,19,2226464,G,A,MSK_PASSENGER,,0
hg38,19,2226581,C,T,MSK_PASSENGER,,0
hg38,19,2226716,C,A,MSK_PASSENGER,,0
hg38,19,2226743,G,C,MSK_PASSENGER,,0
hg38,19,2226875,G,A,MSK_PASSENGER,,0
hg38,19,2226926,C,T,MSK_PASSENGER,,0
hg38,19,2226953,C,T,MSK_PASSENGER,,0
hg38,19,2226989,G,A,MSK_PASSENGER,,0
hg38,19,2227091,G,A,MSK_PASSENGER,,0
hg38,19,2227103,G,A,MSK_PASSENGER,,0
hg38,19,3110161,G,T,MSK_PASSENGER,,0
hg38,19,3115009,G,A,MSK_PASSENGER,,0
hg38,19,3115014,C,T,hotspot,,1
hg38,19,3115015,G,A,MSK_PASSENGER,,0
hg38,19,3118944,A,T,hotspot,,1
hg38,19,3119228,C,A,MSK_PASSENGER,,0
hg38,19,4090612,G,A,MSK_PASSENGER,,0
hg38,19,4097329,T,C,MSK_PASSENGER,,0
hg38,19,4099252,C,T,MSK_PASSENGER,,0
hg38,19,4101108,C,A,MSK_PASSENGER,,0
hg38,19,4110607,C,T,MSK_PASSENGER,,0
hg38,19,4117551,A,C,hotspot,,1
hg38,19,4117593,C,G,MSK_PASSENGER,,0
hg38,19,4123850,A,G,MSK_PASSENGER,,0
hg38,19,5208019,C,G,MSK_PASSENGER,,0
hg38,19,5208058,C,T,MSK_PASSENGER,,0
hg38,19,5208260,G,C,MSK_PASSENGER,,0
hg38,19,5208367,G,T,MSK_PASSENGER,,0
hg38,19,5210500,A,G,MSK_PASSENGER,,0
hg38,19,5210574,C,T,MSK_PASSENGER,,0
hg38,19,5210735,A,C,MSK_PASSENGER,,0
hg38,19,5210743,C,T,MSK_PASSENGER,,0
hg38,19,5211698,T,C,MSK_PASSENGER,,0
hg38,19,5212111,G,T,MSK_PASSENGER,,0
hg38,19,5212159,C,G,MSK_PASSENGER,,0
hg38,19,5212379,G,A,MSK_PASSENGER,,0
hg38,19,5214581,G,A,hotspot,,1
hg38,19,5215345,C,T,MSK_PASSENGER,,0
hg38,19,5216752,C,T,MSK_PASSENGER,,0
hg38,19,5218503,T,A,MSK_PASSENGER,,0
hg38,19,5218527,C,T,MSK_PASSENGER,,0
hg38,19,5219962,C,G,MSK_PASSENGER,,0
hg38,19,5221015,C,T,MSK_PASSENGER,,0
hg38,19,5221084,C,T,MSK_PASSENGER,,0
hg38,19,5221126,T,C,MSK_PASSENGER,,0
hg38,19,5222733,G,A,MSK_PASSENGER,,0
hg38,19,5223009,G,A,MSK_PASSENGER,,0
hg38,19,5223051,C,A,MSK_PASSENGER,,0
hg38,19,5223138,G,A,MSK_PASSENGER,,0
hg38,19,5229609,G,A,MSK_PASSENGER,,0
hg38,19,5231398,C,T,MSK_PASSENGER,,0
hg38,19,5231415,C,G,MSK_PASSENGER,,0
hg38,19,5239059,C,T,MSK_PASSENGER,,0
hg38,19,5240272,G,A,MSK_PASSENGER,,0
hg38,19,5240290,T,C,MSK_PASSENGER,,0
hg38,19,5244191,G,A,MSK_PASSENGER,,0
hg38,19,5244269,C,T,MSK_PASSENGER,,0
hg38,19,5245891,C,T,MSK_PASSENGER,,0
hg38,19,5265192,G,C,MSK_PASSENGER,,0
hg38,19,5273574,A,C,MSK_PASSENGER,,0
hg38,19,5274219,C,A,MSK_PASSENGER,,0
hg38,19,7117180,C,A,MSK_PASSENGER,,0
hg38,19,7117183,C,T,MSK_PASSENGER,,0
hg38,19,7117201,C,T,MSK_PASSENGER,,0
hg38,19,7117259,C,A,MSK_PASSENGER,,0
hg38,19,7117327,T,A,MSK_PASSENGER,,0
hg38,19,7117408,G,A,MSK_PASSENGER,,0
hg38,19,7119536,G,T,MSK_PASSENGER,,0
hg38,19,7120734,C,T,MSK_PASSENGER,,0
hg38,19,7122754,G,C,MSK_PASSENGER,,0
hg38,19,7122923,C,A,MSK_PASSENGER,,0
hg38,19,7141781,C,A,MSK_PASSENGER,,0
hg38,19,7142908,C,T,MSK_PASSENGER,,0
hg38,19,7142984,G,T,MSK_PASSENGER,,0
hg38,19,7143073,C,T,MSK_PASSENGER,,0
hg38,19,7143088,G,A,MSK_PASSENGER,,0
hg38,19,7152773,A,C,MSK_PASSENGER,,0
hg38,19,7163055,A,G,MSK_PASSENGER,,0
hg38,19,7163064,C,T,MSK_PASSENGER,,0
hg38,19,7163154,G,T,MSK_PASSENGER,,0
hg38,19,7163169,A,G,MSK_PASSENGER,,0
hg38,19,7168029,C,G,MSK_PASSENGER,,0
hg38,19,7170591,C,G,MSK_PASSENGER,,0
hg38,19,7170655,G,T,MSK_PASSENGER,,0
hg38,19,7172347,A,T,MSK_PASSENGER,,0
hg38,19,7174633,C,T,MSK_PASSENGER,,0
hg38,19,7184479,G,T,MSK_PASSENGER,,0
hg38,19,7184490,G,A,MSK_PASSENGER,,0
hg38,19,7184622,C,T,MSK_PASSENGER,,0
hg38,19,7267440,C,T,MSK_PASSENGER,,0
hg38,19,7267639,G,C,MSK_PASSENGER,,0
hg38,19,10156448,C,T,hotspot,,1
hg38,19,10180852,C,T,hotspot,,1
hg38,19,10254608,G,T,MSK_PASSENGER,,0
hg38,19,10259662,C,A,MSK_PASSENGER,,0
hg38,19,10284576,C,A,MSK_PASSENGER,,0
hg38,19,10291104,C,T,MSK_PASSENGER,,0
hg38,19,10291182,G,A,MSK_PASSENGER,,0
hg38,19,10486725,C,A,hotspot,,1
hg38,19,10489741,C,A,hotspot,,1
hg38,19,10489771,G,A,hotspot,,1
hg38,19,10491652,C,A,hotspot,,1
hg38,19,10491905,C,A,hotspot,,1
hg38,19,10491943,C,A,hotspot,,1
hg38,19,10492088,G,A,hotspot,,1
hg38,19,10492123,C,A,hotspot,,1
hg38,19,10499571,C,A,hotspot,,1
hg38,19,10499704,C,A,hotspot,,1
hg38,19,11013017,G,A,hotspot,,1
hg38,19,11018979,G,A,hotspot,,1
hg38,19,11021837,C,T,hotspot,,1
hg38,19,11023576,G,A,hotspot,,1
hg38,19,11030750,C,T,hotspot,,1
hg38,19,11030816,C,T,hotspot,,1
hg38,19,11033309,G,A,hotspot,,1
hg38,19,11033317,C,T,hotspot,,1
hg38,19,11033437,G,A,hotspot,,1
hg38,19,11033470,C,T,hotspot,,1
hg38,19,11113714,G,A,MSK_PASSENGER,,0
hg38,19,11113720,A,T,MSK_PASSENGER,,0
hg38,19,15355128,T,G,MSK_PASSENGER,,0
hg38,19,15355171,C,G,MSK_PASSENGER,,0
hg38,19,15355231,G,A,MSK_PASSENGER,,0
hg38,19,15355317,G,T,MSK_PASSENGER,,0
hg38,19,17943348,C,T,MSK_PASSENGER,,0
hg38,19,18162974,G,A,hotspot,,1
hg38,19,18167239,G,T,hotspot,,1
hg38,19,18266717,C,T,MSK_PASSENGER,,0
hg38,19,19150726,T,C,hotspot,,1
hg38,19,19257863,G,T,MSK_PASSENGER,,0
hg38,19,19257881,G,A,MSK_PASSENGER,,0
hg38,19,19257899,C,T,MSK_PASSENGER,,0
hg38,19,19257967,G,T,MSK_PASSENGER,,0
hg38,19,19258627,C,A,MSK_PASSENGER,,0
hg38,19,19261496,G,A,MSK_PASSENGER,,0
hg38,19,40743956,G,A,MSK_PASSENGER,,0
hg38,19,42287563,C,T,hotspot,,1
hg38,19,42287566,C,T,hotspot,,1
hg38,19,42287569,C,T,hotspot,,1
hg38,19,42287576,A,G,hotspot,,1
hg38,19,42287605,C,T,hotspot,,1
hg38,19,42287654,G,A,hotspot,,1
hg38,19,42287674,T,A,hotspot,,1
hg38,19,42294899,G,A,hotspot,,1
hg38,19,42294907,C,T,hotspot,,1
hg38,19,45353087,G,C,hotspot,,1
hg38,19,45353098,C,G,hotspot,,1
hg38,19,45357299,T,C,hotspot,,1
hg38,19,45357361,G,A,hotspot,,1
hg38,19,45364313,G,T,hotspot,,1
hg38,19,45364429,T,C,hotspot,,1
hg38,19,45368961,T,C,hotspot,,1
hg38,19,45370167,T,C,hotspot,,1
hg38,19,45370197,T,C,hotspot,,1
hg38,19,45872366,T,C,MSK_PASSENGER,,0
hg38,19,52212718,C,G,hotspot,,1
hg38,19,52212726,C,T,hotspot,,1
hg38,19,52212729,C,T,hotspot,,1
hg38,19,52213070,C,T,hotspot,,1
hg38,19,52705200,C,T,MSK_PASSENGER,,0
hg38,2,15942195,C,T,hotspot,,1
hg38,2,25234373,C,T,hotspot,,1
hg38,2,25756066,C,T,hotspot,,1
hg38,2,29209798,C,T,hotspot,,1
hg38,2,29213994,A,T,hotspot,,1
hg38,2,29220829,G,C,hotspot,,1
hg38,2,29383812,C,A,hotspot,,1
hg38,2,29383830,C,T,hotspot,,1
hg38,2,39054637,T,A,hotspot,,1
hg38,2,46380264,C,T,hotspot,,1
hg38,2,46380267,A,G,hotspot,,1
hg38,2,61488232,C,T,hotspot,,1
hg38,2,61492337,C,T,hotspot,,1
hg38,2,99162453,G,T,MSK_PASSENGER,,0
hg38,2,99162486,C,A,MSK_PASSENGER,,0
hg38,2,111150115,G,A,hotspot,,1
hg38,2,157766004,C,T,hotspot,,1
hg38,2,157770386,T,C,hotspot,,1
hg38,2,157774114,C,T,hotspot,,1
hg38,2,177234076,C,T,hotspot,,1
hg38,2,177234078,G,C,hotspot,,1
hg38,2,177234082,C,G,hotspot,,1
hg38,2,177234087,T,C,hotspot,,1
hg38,2,177234217,G,C,hotspot,,1
hg38,2,177234225,C,G,hotspot,,1
hg38,2,177234229,G,A,hotspot,,1
hg38,2,177234232,C,G,hotspot,,1
hg38,2,177234234,A,G,hotspot,,1
hg38,2,177234241,G,T,hotspot,,1
hg38,2,177234247,A,G,hotspot,,1
hg38,2,197400729,C,T,hotspot,,1
hg38,2,197400752,T,C,hotspot,,1
hg38,2,197401887,C,T,hotspot,,1
hg38,2,197401985,C,A,hotspot,,1
hg38,2,197401989,C,T,hotspot,,1
hg38,2,197402107,C,A,hotspot,,1
hg38,2,197402110,T,C,hotspot,,1
hg38,2,197402636,T,G,hotspot,,1
hg38,2,197402757,T,A,hotspot,,1
hg38,2,197402759,C,T,hotspot,,1
hg38,2,197402765,T,C,hotspot,,1
hg38,2,201276863,C,T,hotspot,,1
hg38,2,201285308,G,A,hotspot,,1
hg38,2,203867991,A,G,hotspot,,1
hg38,2,208248388,C,T,hotspot,,1
hg38,2,211383874,T,G,hotspot,,1
hg38,2,211387029,A,C,hotspot,,1
hg38,2,211420571,T,G,hotspot,,1
hg38,2,211561997,A,C,hotspot,,1
hg38,2,211562070,T,C,hotspot,,1
hg38,2,211624005,G,C,hotspot,,1
hg38,2,224506991,A,C,hotspot,,1
hg38,20,9580616,C,T,hotspot,,1
hg38,20,31389107,G,A,MSK_PASSENGER,,0
hg38,20,31389134,C,T,MSK_PASSENGER,,0
hg38,20,31389156,G,A,MSK_PASSENGER,,0
hg38,20,31389170,A,G,MSK_PASSENGER,,0
hg38,20,31389195,A,T,MSK_PASSENGER,,0
hg38,20,32788884,G,A,hotspot,,1
hg38,20,42315779,G,A,hotspot,,1
hg38,20,42315860,A,C,hotspot,,1
hg38,20,42352204,C,T,hotspot,,1
hg38,20,42677928,C,T,hotspot,,1
hg38,20,47624065,C,T,hotspot,,1
hg38,20,58905428,C,T,hotspot,,1
hg38,20,58909366,G,A,hotspot,,1
hg38,20,58909542,G,C,hotspot,,1
hg38,20,62311264,A,G,MSK_PASSENGER,,0
hg38,20,62319699,C,T,MSK_PASSENGER,,0
hg38,20,62319711,T,C,MSK_PASSENGER,,0
hg38,20,62322274,C,T,MSK_PASSENGER,,0
hg38,20,62324537,G,C,MSK_PASSENGER,,0
hg38,21,34859485,C,T,hotspot,,1
hg38,21,34880581,T,C,hotspot,,1
hg38,21,43094667,T,G,hotspot,,1
hg38,21,43104346,G,A,hotspot,,1
hg38,21,43104376,A,G,hotspot,,1
hg38,22,21772875,C,T,hotspot,,1
hg38,22,23834143,G,A,hotspot,,1
hg38,22,23834152,G,A,hotspot,,1
hg38,22,28696960,G,A,hotspot,,1
hg38,22,41129965,T,C,hotspot,,1
hg38,22,41157398,G,A,hotspot,,1
hg38,22,41169525,G,A,hotspot,,1
hg38,22,41169571,A,G,hotspot,,1
hg38,22,41170484,G,C,hotspot,,1
hg38,22,41170516,G,T,hotspot,,1
hg38,22,41170518,T,G,hotspot,,1
hg38,22,41573672,C,T,MSK_PASSENGER,,0
hg38,22,41573722,C,T,MSK_PASSENGER,,0
hg38,22,41573738,C,A,MSK_PASSENGER,,0
hg38,22,41574749,G,C,MSK_PASSENGER,,0
hg38,22,41574866,A,G,MSK_PASSENGER,,0
hg38,22,41574891,C,A,MSK_PASSENGER,,0
hg38,22,41574893,T,C,MSK_PASSENGER,,0
hg38,3,10142041,C,T,hotspot,,1
hg38,3,10142049,T,C,hotspot,,1
hg38,3,10142068,T,A,hotspot,,1
hg38,3,10142080,A,G,hotspot,,1
hg38,3,10142085,A,C,hotspot,,1
hg38,3,10142103,C,T,hotspot,,1
hg38,3,10142110,G,T,hotspot,,1
hg38,3,10142113,T,A,hotspot,,1
hg38,3,10142179,G,A,hotspot,,1
hg38,3,10142182,A,G,hotspot,,1
hg38,3,10146514,G,C,hotspot,,1
hg38,3,10146516,C,A,hotspot,,1
hg38,3,10146523,G,T,hotspot,,1
hg38,3,10146534,G,T,hotspot,,1
hg38,3,10146578,A,T,hotspot,,1
hg38,3,10146625,T,A,hotspot,,1
hg38,3,10149795,C,G,hotspot,,1
hg38,3,10149805,G,A,hotspot,,1
hg38,3,10149808,G,A,hotspot,,1
hg38,3,10149829,T,C,hotspot,,1
hg38,3,12604194,G,A,hotspot,,1
hg38,3,12604200,G,A,hotspot,,1
hg38,3,30674186,G,A,hotspot,,1
hg38,3,30691450,G,A,hotspot,,1
hg38,3,30691478,G,A,hotspot,,1
hg38,3,37083782,T,G,MSK_PASSENGER,,0
hg38,3,38139993,C,T,hotspot,,1
hg38,3,38140768,T,C,hotspot,,1
hg38,3,38140801,G,A,hotspot,,1
hg38,3,38141150,T,C,hotspot,,1
hg38,3,41224606,G,T,hotspot,,1
hg38,3,41224610,C,G,hotspot,,1
hg38,3,41224612,G,A,hotspot,,1
hg38,3,41224616,T,G,hotspot,,1
hg38,3,41224619,A,C,hotspot,,1
hg38,3,41224622,C,T,hotspot,,1
hg38,3,41224633,A,G,hotspot,,1
hg38,3,41224646,C,T,hotspot,,1
hg38,3,41225799,A,G,hotspot,,1
hg38,3,41227275,A,T,hotspot,,1
hg38,3,41233406,T,C,hotspot,,1
hg38,3,41233420,T,A,hotspot,,1
hg38,3,41234218,G,A,hotspot,,1
hg38,3,47084172,T,C,MSK_PASSENGER,,0
hg38,3,47101476,T,C,hotspot,,1
hg38,3,47103390,G,A,hotspot,,1
hg38,3,47106028,T,C,hotspot,,1
hg38,3,49360309,G,A,hotspot,,1
hg38,3,49368499,A,G,hotspot,,1
hg38,3,49368520,C,T,hotspot,,1
hg38,3,49368536,A,C,hotspot,,1
hg38,3,49375451,C,T,hotspot,,1
hg38,3,49375465,T,C,hotspot,,1
hg38,3,49375472,C,G,hotspot,,1
hg38,3,49375480,G,A,hotspot,,1
hg38,3,49375489,T,C,hotspot,,1
hg38,3,49375525,A,C,hotspot,,1
hg38,3,49375540,C,A,hotspot,,1
hg38,3,49375576,C,T,hotspot,,1
hg38,3,49684189,C,T,hotspot,,1
hg38,3,49723034,C,T,MSK_PASSENGER,,0
hg38,3,49723109,G,A,MSK_PASSENGER,,0
hg38,3,52437585,G,A,MSK_PASSENGER,,0
hg38,3,52441262,A,G,MSK_PASSENGER,,0
hg38,3,52576678,C,G,hotspot,,1
hg38,3,52609752,G,C,hotspot,,1
hg38,3,52696234,C,A,MSK_PASSENGER,,0
hg38,3,70977833,G,A,hotspot,,1
hg38,3,119582332,G,A,MSK_PASSENGER,,0
hg38,3,119582425,C,T,MSK_PASSENGER,,0
hg38,3,135201570,C,T,hotspot,,1
hg38,3,138655402,T,A,hotspot,,1
hg38,3,138655451,C,T,hotspot,,1
hg38,3,138665162,C,T,MSK_PASSENGER,,0
hg38,3,138665183,A,T,MSK_PASSENGER,,0
hg38,3,138734644,C,T,hotspot,,1
hg38,3,138946321,G,C,hotspot,,1
hg38,3,138946371,C,T,hotspot,,1
hg38,3,169988314,G,C,MSK_PASSENGER,,0
hg38,3,170295931,C,T,hotspot,,1
hg38,3,179198938,G,A,hotspot,,1
hg38,3,179198940,G,A,hotspot,,1
hg38,3,179199066,G,A,hotspot,,1
hg38,3,179199088,G,A,hotspot,,1
hg38,3,179199093,T,G,hotspot,,1
hg38,3,179199103,G,A,hotspot,,1
hg38,3,179199136,C,T,hotspot,,1
hg38,3,179199142,G,T,hotspot,,1
hg38,3,179199145,A,G,hotspot,,1
hg38,3,179199148,G,A,hotspot,,1
hg38,3,179199156,A,G,hotspot,,1
hg38,3,179199169,G,T,hotspot,,1
hg38,3,179199690,G,A,hotspot,,1
hg38,3,179203761,T,G,hotspot,,1
hg38,3,179203765,T,A,hotspot,,1
hg38,3,179203778,G,A,hotspot,,1
hg38,3,179204513,G,A,hotspot,,1
hg38,3,179204533,G,A,hotspot,,1
hg38,3,179204536,G,A,hotspot,,1
hg38,3,179204576,G,T,hotspot,,1
hg38,3,179210192,T,C,hotspot,,1
hg38,3,179210291,G,A,hotspot,,1
hg38,3,179210438,C,T,hotspot,,1
hg38,3,179218286,C,G,hotspot,,1
hg38,3,179218294,G,A,hotspot,,1
hg38,3,179218303,G,A,hotspot,,1
hg38,3,179218306,C,A,hotspot,,1
hg38,3,179219634,T,C,hotspot,,1
hg38,3,179221146,G,A,hotspot,,1
hg38,3,179230039,G,T,hotspot,,1
hg38,3,179230256,A,G,hotspot,,1
hg38,3,179230348,G,A,hotspot,,1
hg38,3,179234169,G,A,hotspot,,1
hg38,3,179234176,G,C,hotspot,,1
hg38,3,179234219,A,G,hotspot,,1
hg38,3,179234230,A,G,hotspot,,1
hg38,3,179234286,G,A,hotspot,,1
hg38,3,179234289,T,A,hotspot,,1
hg38,3,179234297,A,G,hotspot,,1
hg38,3,179234302,G,C,hotspot,,1
hg38,3,179234312,C,A,hotspot,,1
hg38,3,179234350,C,T,hotspot,,1
hg38,3,187725066,G,A,hotspot,,1
hg38,3,187725557,C,T,hotspot,,1
hg38,3,189868681,C,T,hotspot,,1
hg38,3,189869329,C,T,hotspot,,1
hg38,3,189894284,G,A,hotspot,,1
hg38,4,1801837,C,T,hotspot,,1
hg38,4,1801841,C,G,hotspot,,1
hg38,4,1804362,G,T,hotspot,,1
hg38,4,1804365,A,T,hotspot,,1
hg38,4,1804372,A,G,hotspot,,1
hg38,4,1804392,G,A,hotspot,,1
hg38,4,1806099,A,G,MSK_PASSENGER,,0
hg38,4,1806162,A,G,hotspot,,1
hg38,4,1806648,C,T,MSK_PASSENGER,,0
hg38,4,1807135,C,G,MSK_PASSENGER,,0
hg38,4,1807167,G,A,MSK_PASSENGER,,0
hg38,4,1807174,C,T,MSK_PASSENGER,,0
hg38,4,1807180,C,T,MSK_PASSENGER,,0
hg38,4,1807186,C,T,MSK_PASSENGER,,0
hg38,4,1974938,A,G,hotspot,,1
hg38,4,54264975,G,A,hotspot,,1
hg38,4,54264994,G,A,hotspot,,1
hg38,4,54277981,C,G,hotspot,,1
hg38,4,54285926,A,T,hotspot,,1
hg38,4,54727437,T,A,hotspot,,1
hg38,4,54727444,T,A,hotspot,,1
hg38,4,54727447,T,A,hotspot,,1
hg38,4,54727495,T,C,hotspot,,1
hg38,4,54728055,A,G,hotspot,,1
hg38,4,54728092,T,C,hotspot,,1
hg38,4,54733155,A,T,hotspot,,1
hg38,4,54733166,G,T,hotspot,,1
hg38,4,54733174,T,A,hotspot,,1
hg38,4,54733175,T,G,hotspot,,1
hg38,4,54736787,G,A,hotspot,,1
hg38,4,55090053,C,T,hotspot,,1
hg38,4,55106779,A,G,hotspot,,1
hg38,4,55964308,C,A,MSK_PASSENGER,,0
hg38,4,55964325,G,T,MSK_PASSENGER,,0
hg38,4,55964343,C,A,MSK_PASSENGER,,0
hg38,4,55964400,C,T,MSK_PASSENGER,,0
hg38,4,106193764,A,C,MSK_PASSENGER,,0
hg38,4,152322940,G,A,hotspot,,1
hg38,4,152323032,C,T,hotspot,,1
hg38,4,152324294,G,A,hotspot,,1
hg38,4,152326013,G,A,hotspot,,1
hg38,4,152326016,T,C,hotspot,,1
hg38,4,152326056,T,G,hotspot,,1
hg38,4,152326092,C,T,hotspot,,1
hg38,4,152326137,G,A,hotspot,,1
hg38,4,152326214,C,T,hotspot,,1
hg38,4,152328233,G,A,hotspot,,1
hg38,4,152328305,G,A,hotspot,,1
hg38,4,152328316,C,A,hotspot,,1
hg38,4,152328358,C,A,hotspot,,1
hg38,4,152329730,C,T,hotspot,,1
hg38,4,152329754,G,T,hotspot,,1
hg38,4,152330754,C,G,hotspot,,1
hg38,4,152337802,C,A,hotspot,,1
hg38,4,152346985,C,T,hotspot,,1
hg38,4,152411763,C,T,hotspot,,1
hg38,4,186621706,C,T,hotspot,,1
hg38,5,224478,T,C,MSK_PASSENGER,,0
hg38,5,224507,A,T,MSK_PASSENGER,,0
hg38,5,225561,A,G,MSK_PASSENGER,,0
hg38,5,226015,G,T,MSK_PASSENGER,,0
hg38,5,233612,C,G,MSK_PASSENGER,,0
hg38,5,233631,G,T,MSK_PASSENGER,,0
hg38,5,235339,G,T,MSK_PASSENGER,,0
hg38,5,236591,G,A,MSK_PASSENGER,,0
hg38,5,256340,C,G,hotspot,,1
hg38,5,256355,G,A,hotspot,,1
hg38,5,1279443,C,T,MSK_PASSENGER,,0
hg38,5,1279449,C,T,MSK_PASSENGER,,0
hg38,5,1279457,G,T,MSK_PASSENGER,,0
hg38,5,1293552,G,C,MSK_PASSENGER,,0
hg38,5,1293639,C,A,MSK_PASSENGER,,0
hg38,5,1293678,C,A,MSK_PASSENGER,,0
hg38,5,1293688,G,A,MSK_PASSENGER,,0
hg38,5,1293689,G,T,MSK_PASSENGER,,0
hg38,5,1293880,C,T,MSK_PASSENGER,,0
hg38,5,1293898,G,A,MSK_PASSENGER,,0
hg38,5,1293898,G,C,MSK_PASSENGER,,0
hg38,5,1293987,C,A,MSK_PASSENGER,,0
hg38,5,1294051,C,A,MSK_PASSENGER,,0
hg38,5,1294054,G,A,MSK_PASSENGER,,0
hg38,5,1294143,C,A,MSK_PASSENGER,,0
hg38,5,1294150,G,T,MSK_PASSENGER,,0
hg38,5,1294210,C,G,MSK_PASSENGER,,0
hg38,5,1294231,G,A,MSK_PASSENGER,,0
hg38,5,1294258,C,G,MSK_PASSENGER,,0
hg38,5,1294277,C,T,MSK_PASSENGER,,0
hg38,5,1294299,C,A,MSK_PASSENGER,,0
hg38,5,1294312,C,T,MSK_PASSENGER,,0
hg38,5,1294408,C,T,MSK_PASSENGER,,0
hg38,5,1294642,C,T,MSK_PASSENGER,,0
hg38,5,1294917,C,T,MSK_PASSENGER,,0
hg38,5,1294938,A,T,MSK_PASSENGER,,0
hg38,5,31422936,C,A,MSK_PASSENGER,,0
hg38,5,31515115,T,C,MSK_PASSENGER,,0
hg38,5,31515156,G,T,MSK_PASSENGER,,0
hg38,5,31515173,T,A,MSK_PASSENGER,,0
hg38,5,31515220,C,T,MSK_PASSENGER,,0
hg38,5,31526232,C,T,MSK_PASSENGER,,0
hg38,5,31526279,C,G,MSK_PASSENGER,,0
hg38,5,31526307,G,C,MSK_PASSENGER,,0
hg38,5,31526371,T,A,MSK_PASSENGER,,0
hg38,5,31526428,G,C,MSK_PASSENGER,,0
hg38,5,31526439,T,G,MSK_PASSENGER,,0
hg38,5,31526688,G,A,MSK_PASSENGER,,0
hg38,5,31526751,G,A,MSK_PASSENGER,,0
hg38,5,31526841,G,A,MSK_PASSENGER,,0
hg38,5,35867418,G,A,MSK_PASSENGER,,0
hg38,5,35867421,G,A,MSK_PASSENGER,,0
hg38,5,35867491,T,C,MSK_PASSENGER,,0
hg38,5,35873559,G,A,hotspot,,1
hg38,5,35873603,A,G,MSK_PASSENGER,,0
hg38,5,35873627,C,A,MSK_PASSENGER,,0
hg38,5,35873648,G,C,MSK_PASSENGER,,0
hg38,5,35876155,C,A,MSK_PASSENGER,,0
hg38,5,35876167,T,A,MSK_PASSENGER,,0
hg38,5,35876197,A,G,MSK_PASSENGER,,0
hg38,5,35876232,G,A,MSK_PASSENGER,,0
hg38,5,35876264,G,T,MSK_PASSENGER,,0
hg38,5,35876290,A,G,hotspot,,1
hg38,5,35876296,G,C,MSK_PASSENGER,,0
hg38,5,35876296,G,T,MSK_PASSENGER,,0
hg38,5,35876315,C,G,MSK_PASSENGER,,0
hg38,5,35876316,C,A,MSK_PASSENGER,,0
hg38,5,35876335,C,A,MSK_PASSENGER,,0
hg38,5,35876347,C,T,MSK_PASSENGER,,0
hg38,5,35876352,C,T,MSK_PASSENGER,,0
hg38,5,35876361,T,G,MSK_PASSENGER,,0
hg38,5,35876397,G,A,MSK_PASSENGER,,0
hg38,5,35876401,C,A,MSK_PASSENGER,,0
hg38,5,35876418,C,T,MSK_PASSENGER,,0
hg38,5,38947418,G,A,MSK_PASSENGER,,0
hg38,5,38947428,A,T,MSK_PASSENGER,,0
hg38,5,38949958,G,A,MSK_PASSENGER,,0
hg38,5,38949979,G,T,MSK_PASSENGER,,0
hg38,5,38950066,G,A,MSK_PASSENGER,,0
hg38,5,38950120,A,G,MSK_PASSENGER,,0
hg38,5,38950358,T,C,MSK_PASSENGER,,0
hg38,5,38950411,T,G,MSK_PASSENGER,,0
hg38,5,38950546,G,A,hotspot,,1
hg38,5,38950669,A,G,MSK_PASSENGER,,0
hg38,5,38952384,T,A,MSK_PASSENGER,,0
hg38,5,38952406,C,G,MSK_PASSENGER,,0
hg38,5,38959902,T,C,MSK_PASSENGER,,0
hg38,5,38962983,G,A,MSK_PASSENGER,,0
hg38,5,38982000,C,T,MSK_PASSENGER,,0
hg38,5,38982010,G,A,MSK_PASSENGER,,0
hg38,5,39002640,G,C,MSK_PASSENGER,,0
hg38,5,56111450,C,T,MSK_PASSENGER,,0
hg38,5,56111605,G,C,MSK_PASSENGER,,0
hg38,5,56111648,C,T,MSK_PASSENGER,,0
hg38,5,56111651,C,T,MSK_PASSENGER,,0
hg38,5,56111726,C,T,MSK_PASSENGER,,0
hg38,5,56111759,G,A,MSK_PASSENGER,,0
hg38,5,56865443,T,C,hotspot,,1
hg38,5,56885938,C,T,hotspot,,1
hg38,5,58458401,A,G,hotspot,,1
hg38,5,68293310,G,A,hotspot,,1
hg38,5,68293319,A,G,hotspot,,1
hg38,5,68293764,A,G,hotspot,,1
hg38,5,68295258,A,G,hotspot,,1
hg38,5,68295269,A,G,hotspot,,1
hg38,5,68295278,A,G,hotspot,,1
hg38,5,112839693,C,G,hotspot,,1
hg38,5,112839812,G,C,hotspot,,1
hg38,5,112839880,A,G,hotspot,,1
hg38,5,132559359,G,T,hotspot,,1
hg38,5,149513170,C,T,MSK_PASSENGER,,0
hg38,5,177095415,C,A,hotspot,,1
hg38,5,177095550,G,C,hotspot,,1
hg38,5,177260151,G,C,hotspot,,1
hg38,6,393180,G,A,MSK_PASSENGER,,0
hg38,6,393186,T,G,MSK_PASSENGER,,0
hg38,6,393189,G,A,MSK_PASSENGER,,0
hg38,6,393194,G,C,MSK_PASSENGER,,0
hg38,6,393226,G,A,MSK_PASSENGER,,0
hg38,6,393279,G,C,MSK_PASSENGER,,0
hg38,6,393285,G,A,MSK_PASSENGER,,0
hg38,6,393287,G,C,MSK_PASSENGER,,0
hg38,6,393295,G,T,MSK_PASSENGER,,0
hg38,6,393303,C,T,MSK_PASSENGER,,0
hg38,6,393345,G,A,MSK_PASSENGER,,0
hg38,6,394872,C,A,MSK_PASSENGER,,0
hg38,6,394879,C,T,MSK_PASSENGER,,0
hg38,6,394888,C,T,MSK_PASSENGER,,0
hg38,6,394890,C,T,MSK_PASSENGER,,0
hg38,6,394893,C,A,MSK_PASSENGER,,0
hg38,6,394894,T,A,MSK_PASSENGER,,0
hg38,6,394899,T,C,hotspot,,1
hg38,6,394915,G,T,MSK_PASSENGER,,0
hg38,6,394923,T,A,MSK_PASSENGER,,0
hg38,6,394938,G,C,MSK_PASSENGER,,0
hg38,6,394942,G,A,MSK_PASSENGER,,0
hg38,6,394949,G,T,MSK_PASSENGER,,0
hg38,6,394951,T,C,MSK_PASSENGER,,0
hg38,6,394966,C,T,MSK_PASSENGER,,0
hg38,6,394972,A,G,hotspot,,1
hg38,6,394992,G,A,MSK_PASSENGER,,0
hg38,6,394998,G,T,MSK_PASSENGER,,0
hg38,6,395864,C,A,MSK_PASSENGER,,0
hg38,6,395873,C,A,MSK_PASSENGER,,0
hg38,6,395883,C,T,MSK_PASSENGER,,0
hg38,6,395895,C,T,MSK_PASSENGER,,0
hg38,6,395919,C,A,MSK_PASSENGER,,0
hg38,6,395927,C,T,MSK_PASSENGER,,0
hg38,6,395931,C,T,MSK_PASSENGER,,0
hg38,6,397112,T,C,MSK_PASSENGER,,0
hg38,6,397138,G,A,MSK_PASSENGER,,0
hg38,6,397142,G,A,MSK_PASSENGER,,0
hg38,6,397168,C,A,MSK_PASSENGER,,0
hg38,6,397187,C,T,MSK_PASSENGER,,0
hg38,6,397189,T,C,MSK_PASSENGER,,0
hg38,6,397209,T,G,MSK_PASSENGER,,0
hg38,6,397225,C,T,MSK_PASSENGER,,0
hg38,6,397235,G,T,MSK_PASSENGER,,0
hg38,6,397241,C,T,MSK_PASSENGER,,0
hg38,6,398855,C,T,MSK_PASSENGER,,0
hg38,6,398863,C,A,MSK_PASSENGER,,0
hg38,6,398881,C,T,MSK_PASSENGER,,0
hg38,6,398884,G,A,MSK_PASSENGER,,0
hg38,6,398890,C,T,MSK_PASSENGER,,0
hg38,6,398910,G,T,MSK_PASSENGER,,0
hg38,6,398927,C,T,MSK_PASSENGER,,0
hg38,6,401501,C,T,MSK_PASSENGER,,0
hg38,6,401508,C,T,MSK_PASSENGER,,0
hg38,6,401525,G,A,MSK_PASSENGER,,0
hg38,6,401537,C,A,MSK_PASSENGER,,0
hg38,6,401541,A,T,MSK_PASSENGER,,0
hg38,6,401544,A,G,MSK_PASSENGER,,0
hg38,6,401554,C,A,MSK_PASSENGER,,0
hg38,6,401556,C,T,MSK_PASSENGER,,0
hg38,6,401578,G,C,MSK_PASSENGER,,0
hg38,6,401586,A,G,MSK_PASSENGER,,0
hg38,6,401589,T,C,MSK_PASSENGER,,0
hg38,6,401593,G,T,MSK_PASSENGER,,0
hg38,6,401621,G,A,MSK_PASSENGER,,0
hg38,6,401624,G,C,MSK_PASSENGER,,0
hg38,6,401636,G,T,MSK_PASSENGER,,0
hg38,6,401640,C,G,MSK_PASSENGER,,0
hg38,6,401645,G,A,MSK_PASSENGER,,0
hg38,6,401646,G,A,MSK_PASSENGER,,0
hg38,6,401655,C,T,MSK_PASSENGER,,0
hg38,6,401679,T,A,MSK_PASSENGER,,0
hg38,6,401687,G,A,MSK_PASSENGER,,0
hg38,6,401693,C,T,MSK_PASSENGER,,0
hg38,6,401700,C,T,MSK_PASSENGER,,0
hg38,6,401711,G,A,MSK_PASSENGER,,0
hg38,6,401712,A,G,MSK_PASSENGER,,0
hg38,6,401718,C,T,MSK_PASSENGER,,0
hg38,6,401737,C,A,MSK_PASSENGER,,0
hg38,6,401745,G,A,MSK_PASSENGER,,0
hg38,6,405025,A,C,MSK_PASSENGER,,0
hg38,6,405042,G,A,MSK_PASSENGER,,0
hg38,6,405044,C,T,MSK_PASSENGER,,0
hg38,6,405045,G,A,MSK_PASSENGER,,0
hg38,6,405061,C,A,MSK_PASSENGER,,0
hg38,6,405086,G,C,MSK_PASSENGER,,0
hg38,6,405092,C,T,MSK_PASSENGER,,0
hg38,6,405093,C,A,MSK_PASSENGER,,0
hg38,6,407462,C,G,MSK_PASSENGER,,0
hg38,6,407498,A,G,MSK_PASSENGER,,0
hg38,6,407507,G,A,MSK_PASSENGER,,0
hg38,6,407524,T,C,hotspot,,1
hg38,6,407552,C,T,MSK_PASSENGER,,0
hg38,6,407554,G,A,MSK_PASSENGER,,0
hg38,6,407567,G,A,MSK_PASSENGER,,0
hg38,6,407570,C,T,MSK_PASSENGER,,0
hg38,6,407587,A,G,MSK_PASSENGER,,0
hg38,6,407593,G,A,MSK_PASSENGER,,0
hg38,6,20402488,C,G,MSK_PASSENGER,,0
hg38,6,20402540,C,T,MSK_PASSENGER,,0
hg38,6,20402552,C,T,MSK_PASSENGER,,0
hg38,6,20402614,G,A,MSK_PASSENGER,,0
hg38,6,26020734,A,T,MSK_PASSENGER,,0
hg38,6,26020797,G,A,MSK_PASSENGER,,0
hg38,6,26020874,C,T,MSK_PASSENGER,,0
hg38,6,26020877,C,T,MSK_PASSENGER,,0
hg38,6,26031745,C,T,hotspot,,1
hg38,6,26031895,G,A,MSK_PASSENGER,,0
hg38,6,26031903,C,G,MSK_PASSENGER,,0
hg38,6,26031910,C,T,hotspot,,1
hg38,6,26031978,T,A,hotspot,,1
hg38,6,26031990,T,C,MSK_PASSENGER,,0
hg38,6,26032015,C,A,MSK_PASSENGER,,0
hg38,6,26032048,T,C,MSK_PASSENGER,,0
hg38,6,26032057,C,T,MSK_PASSENGER,,0
hg38,6,26045520,A,T,hotspot,,1
hg38,6,26045726,G,A,MSK_PASSENGER,,0
hg38,6,26056039,C,G,MSK_PASSENGER,,0
hg38,6,26056089,C,T,MSK_PASSENGER,,0
hg38,6,26056149,C,T,MSK_PASSENGER,,0
hg38,6,26056167,C,T,MSK_PASSENGER,,0
hg38,6,26056197,T,C,MSK_PASSENGER,,0
hg38,6,26056260,C,T,MSK_PASSENGER,,0
hg38,6,26056287,C,T,MSK_PASSENGER,,0
hg38,6,26056362,T,C,MSK_PASSENGER,,0
hg38,6,26158402,C,T,MSK_PASSENGER,,0
hg38,6,26158453,T,C,MSK_PASSENGER,,0
hg38,6,26158510,A,G,MSK_PASSENGER,,0
hg38,6,26158519,A,T,MSK_PASSENGER,,0
hg38,6,26158521,G,A,MSK_PASSENGER,,0
hg38,6,26197091,G,T,MSK_PASSENGER,,0
hg38,6,26197114,G,A,MSK_PASSENGER,,0
hg38,6,26197135,G,T,MSK_PASSENGER,,0
hg38,6,26197163,C,G,MSK_PASSENGER,,0
hg38,6,26197183,G,A,MSK_PASSENGER,,0
hg38,6,26197187,C,T,MSK_PASSENGER,,0
hg38,6,26197202,G,C,MSK_PASSENGER,,0
hg38,6,26225392,A,T,MSK_PASSENGER,,0
hg38,6,26225395,A,G,MSK_PASSENGER,,0
hg38,6,26225411,A,C,MSK_PASSENGER,,0
hg38,6,26225422,G,A,MSK_PASSENGER,,0
hg38,6,26225431,C,A,MSK_PASSENGER,,0
hg38,6,26225488,G,A,MSK_PASSENGER,,0
hg38,6,26225504,G,A,MSK_PASSENGER,,0
hg38,6,26225519,C,A,MSK_PASSENGER,,0
hg38,6,26225539,C,T,MSK_PASSENGER,,0
hg38,6,26250440,G,A,MSK_PASSENGER,,0
hg38,6,26250464,C,T,MSK_PASSENGER,,0
hg38,6,26250469,G,A,MSK_PASSENGER,,0
hg38,6,26250530,C,G,MSK_PASSENGER,,0
hg38,6,26271225,G,T,MSK_PASSENGER,,0
hg38,6,26271269,G,A,MSK_PASSENGER,,0
hg38,6,26271297,C,T,MSK_PASSENGER,,0
hg38,6,26271309,C,A,MSK_PASSENGER,,0
hg38,6,26271314,T,C,MSK_PASSENGER,,0
hg38,6,26271336,G,T,MSK_PASSENGER,,0
hg38,6,26271348,C,T,MSK_PASSENGER,,0
hg38,6,26271350,G,A,MSK_PASSENGER,,0
hg38,6,26271372,T,G,MSK_PASSENGER,,0
hg38,6,27810183,A,T,hotspot,,1
hg38,6,30671238,C,T,MSK_PASSENGER,,0
hg38,6,30671253,C,T,MSK_PASSENGER,,0
hg38,6,30672837,G,A,MSK_PASSENGER,,0
hg38,6,31948473,G,A,MSK_PASSENGER,,0
hg38,6,31972346,G,A,hotspot,,1
hg38,6,32166260,G,T,MSK_PASSENGER,,0
hg38,6,32166497,G,A,MSK_PASSENGER,,0
hg38,6,32166718,T,C,MSK_PASSENGER,,0
hg38,6,32170208,A,G,MSK_PASSENGER,,0
hg38,6,32170241,G,A,MSK_PASSENGER,,0
hg38,6,32178542,C,A,MSK_PASSENGER,,0
hg38,6,32178548,G,A,MSK_PASSENGER,,0
hg38,6,32178588,A,T,MSK_PASSENGER,,0
hg38,6,32178641,C,T,MSK_PASSENGER,,0
hg38,6,32178653,T,C,MSK_PASSENGER,,0
hg38,6,32180262,G,A,MSK_PASSENGER,,0
hg38,6,32180265,G,A,MSK_PASSENGER,,0
hg38,6,32181612,T,A,MSK_PASSENGER,,0
hg38,6,32188304,C,A,MSK_PASSENGER,,0
hg38,6,32188306,A,T,MSK_PASSENGER,,0
hg38,6,32188355,C,T,MSK_PASSENGER,,0
hg38,6,32188361,C,T,MSK_PASSENGER,,0
hg38,6,33286874,G,C,MSK_PASSENGER,,0
hg38,6,33287163,C,A,MSK_PASSENGER,,0
hg38,6,33287202,G,C,MSK_PASSENGER,,0
hg38,6,33287406,G,C,MSK_PASSENGER,,0
hg38,6,33287461,C,T,MSK_PASSENGER,,0
hg38,6,33288177,C,A,MSK_PASSENGER,,0
hg38,6,33288203,G,A,MSK_PASSENGER,,0
hg38,6,33288207,T,A,MSK_PASSENGER,,0
hg38,6,33288236,C,A,MSK_PASSENGER,,0
hg38,6,33288803,C,T,MSK_PASSENGER,,0
hg38,6,37170579,C,T,hotspot,,1
hg38,6,37170647,G,C,hotspot,,1
hg38,6,37170773,G,A,hotspot,,1
hg38,6,37170801,G,C,hotspot,,1
hg38,6,37171028,G,C,hotspot,,1
hg38,6,37171174,G,A,hotspot,,1
hg38,6,41909282,C,T,MSK_PASSENGER,,0
hg38,6,41909348,G,A,MSK_PASSENGER,,0
hg38,6,41935950,A,T,hotspot,,1
hg38,6,89793766,T,C,MSK_PASSENGER,,0
hg38,6,89793911,C,T,MSK_PASSENGER,,0
hg38,6,93258242,C,T,hotspot,,1
hg38,6,106553473,C,A,MSK_PASSENGER,,0
hg38,6,106553476,C,T,MSK_PASSENGER,,0
hg38,6,117706936,C,A,MSK_PASSENGER,,0
hg38,6,117706938,C,T,MSK_PASSENGER,,0
hg38,6,152011697,G,C,hotspot,,1
hg38,6,152098785,T,A,hotspot,,1
hg38,6,152098788,A,C,hotspot,,1
hg38,6,152098791,A,G,hotspot,,1
hg38,6,152201860,G,T,MSK_PASSENGER,,0
hg38,6,152201868,G,T,MSK_PASSENGER,,0
hg38,6,157184421,A,C,hotspot,,1
hg38,6,157203926,C,T,hotspot,,1
hg38,7,2924297,C,T,hotspot,,1
hg38,7,2937110,C,T,hotspot,,1
hg38,7,2937177,C,T,hotspot,,1
hg38,7,2937980,T,A,hotspot,,1
hg38,7,2938686,C,T,hotspot,,1
hg38,7,2939861,A,G,hotspot,,1
hg38,7,2944252,T,G,hotspot,,1
hg38,7,2945898,C,A,hotspot,,1
hg38,7,5986813,T,C,hotspot,,1
hg38,7,6026826,G,A,MSK_PASSENGER,,0
hg38,7,6026886,C,T,MSK_PASSENGER,,0
hg38,7,6374769,G,A,hotspot,,1
hg38,7,6387229,G,A,hotspot,,1
hg38,7,6387261,C,T,hotspot,,1
hg38,7,6387277,C,G,hotspot,,1
hg38,7,6391997,C,A,hotspot,,1
hg38,7,6400176,T,A,hotspot,,1
hg38,7,6401927,A,C,hotspot,,1
hg38,7,6402343,C,T,hotspot,,1
hg38,7,50399977,G,A,hotspot,,1
hg38,7,55142382,T,G,hotspot,,1
hg38,7,55143387,G,A,hotspot,,1
hg38,7,55152581,C,T,hotspot,,1
hg38,7,55154017,C,T,hotspot,,1
hg38,7,55154050,A,C,hotspot,,1
hg38,7,55154129,C,T,hotspot,,1
hg38,7,55155850,C,T,hotspot,,1
hg38,7,55156614,C,T,hotspot,,1
hg38,7,55165344,C,T,hotspot,,1
hg38,7,55165350,G,T,hotspot,,1
hg38,7,55173984,G,A,hotspot,,1
hg38,7,55174015,G,C,hotspot,,1
hg38,7,55174797,A,G,hotspot,,1
hg38,7,55181312,G,T,hotspot,,1
hg38,7,55181378,C,T,hotspot,,1
hg38,7,55191748,G,T,hotspot,,1
hg38,7,55191761,C,A,hotspot,,1
hg38,7,55191822,T,G,hotspot,,1
hg38,7,55191831,T,A,hotspot,,1
hg38,7,74732629,T,A,hotspot,,1
hg38,7,81745060,C,G,hotspot,,1
hg38,7,116771969,A,G,hotspot,,1
hg38,7,116771989,G,C,hotspot,,1
hg38,7,116775061,T,C,hotspot,,1
hg38,7,116777409,C,T,hotspot,,1
hg38,7,116782063,T,A,hotspot,,1
hg38,7,116783359,T,C,hotspot,,1
hg38,7,116783420,T,C,hotspot,,1
hg38,7,128845135,T,C,MSK_PASSENGER,,0
hg38,7,128846052,G,T,MSK_PASSENGER,,0
hg38,7,128846104,C,A,MSK_PASSENGER,,0
hg38,7,128848632,C,T,MSK_PASSENGER,,0
hg38,7,128848638,G,T,MSK_PASSENGER,,0
hg38,7,128848686,C,T,MSK_PASSENGER,,0
hg38,7,128850853,A,G,MSK_PASSENGER,,0
hg38,7,128850897,A,T,MSK_PASSENGER,,0
hg38,7,128851536,C,T,MSK_PASSENGER,,0
hg38,7,128851566,G,T,MSK_PASSENGER,,0
hg38,7,128851602,G,T,MSK_PASSENGER,,0
hg38,7,129206557,C,T,hotspot,,1
hg38,7,129206564,T,C,hotspot,,1
hg38,7,129210500,G,T,hotspot,,1
hg38,7,140753334,T,C,hotspot,,1
hg38,7,140753336,A,T,hotspot,,1
hg38,7,140753345,A,T,hotspot,,1
hg38,7,140753349,C,G,hotspot,,1
hg38,7,140753355,C,T,hotspot,,1
hg38,7,140753393,T,C,hotspot,,1
hg38,7,140778054,A,C,hotspot,,1
hg38,7,140781602,C,G,hotspot,,1
hg38,7,140781611,C,A,hotspot,,1
hg38,7,148810369,T,C,hotspot,,1
hg38,7,148811635,T,A,hotspot,,1
hg38,7,148815508,T,C,hotspot,,1
hg38,7,151490964,A,T,hotspot,,1
hg38,7,152148282,G,A,hotspot,,1
hg38,8,38146051,G,A,MSK_PASSENGER,,0
hg38,8,38146093,C,T,MSK_PASSENGER,,0
hg38,8,38275875,C,T,MSK_PASSENGER,,0
hg38,8,38414790,T,C,hotspot,,1
hg38,8,38417331,G,C,hotspot,,1
hg38,8,54458425,C,G,hotspot,,1
hg38,8,54459958,G,T,hotspot,,1
hg38,8,55998385,A,C,hotspot,,1
hg38,8,70052279,C,T,hotspot,,1
hg38,8,73946733,T,C,hotspot,,1
hg38,8,90971075,C,G,MSK_PASSENGER,,0
hg38,8,127738435,C,T,hotspot,,1
hg38,8,127738438,C,T,hotspot,,1
hg38,8,127738699,C,T,hotspot,,1
hg38,9,5022015,G,C,MSK_PASSENGER,,0
hg38,9,5022020,G,A,MSK_PASSENGER,,0
hg38,9,5022040,C,T,MSK_PASSENGER,,0
hg38,9,5022050,G,C,MSK_PASSENGER,,0
hg38,9,5022079,C,T,MSK_PASSENGER,,0
hg38,9,5022093,G,T,MSK_PASSENGER,,0
hg38,9,5022096,C,T,MSK_PASSENGER,,0
hg38,9,5022097,C,T,MSK_PASSENGER,,0
hg38,9,5022105,C,A,MSK_PASSENGER,,0
hg38,9,5022108,G,C,MSK_PASSENGER,,0
hg38,9,5022160,C,T,MSK_PASSENGER,,0
hg38,9,5029791,C,G,MSK_PASSENGER,,0
hg38,9,5029797,T,C,MSK_PASSENGER,,0
hg38,9,5029838,C,G,MSK_PASSENGER,,0
hg38,9,5029854,C,T,MSK_PASSENGER,,0
hg38,9,5029857,G,A,MSK_PASSENGER,,0
hg38,9,5029863,C,T,MSK_PASSENGER,,0
hg38,9,5044413,C,G,MSK_PASSENGER,,0
hg38,9,5044422,T,C,MSK_PASSENGER,,0
hg38,9,5044431,G,A,MSK_PASSENGER,,0
hg38,9,5044449,C,T,MSK_PASSENGER,,0
hg38,9,5044462,C,T,MSK_PASSENGER,,0
hg38,9,5044467,G,A,MSK_PASSENGER,,0
hg38,9,5044473,G,A,MSK_PASSENGER,,0
hg38,9,5044488,G,T,MSK_PASSENGER,,0
hg38,9,5044504,C,T,MSK_PASSENGER,,0
hg38,9,5050689,C,T,MSK_PASSENGER,,0
hg38,9,5050722,C,T,MSK_PASSENGER,,0
hg38,9,5050744,A,T,MSK_PASSENGER,,0
hg38,9,5050746,G,A,MSK_PASSENGER,,0
hg38,9,5050761,G,A,MSK_PASSENGER,,0
hg38,9,5050778,G,A,MSK_PASSENGER,,0
hg38,9,5050780,G,T,MSK_PASSENGER,,0
hg38,9,5050825,C,G,MSK_PASSENGER,,0
hg38,9,5054594,G,A,MSK_PASSENGER,,0
hg38,9,5054612,C,T,MSK_PASSENGER,,0
hg38,9,5054625,G,T,MSK_PASSENGER,,0
hg38,9,5054648,C,T,MSK_PASSENGER,,0
hg38,9,5054652,G,T,MSK_PASSENGER,,0
hg38,9,5054682,C,A,MSK_PASSENGER,,0
hg38,9,5054709,A,G,MSK_PASSENGER,,0
hg38,9,5054734,G,T,MSK_PASSENGER,,0
hg38,9,5054750,G,A,MSK_PASSENGER,,0
hg38,9,5054752,G,T,MSK_PASSENGER,,0
hg38,9,5054762,G,A,MSK_PASSENGER,,0
hg38,9,5054797,G,T,MSK_PASSENGER,,0
hg38,9,5054828,G,T,MSK_PASSENGER,,0
hg38,9,5054832,G,A,MSK_PASSENGER,,0
hg38,9,5054847,G,T,MSK_PASSENGER,,0
hg38,9,5054861,G,A,MSK_PASSENGER,,0
hg38,9,5055672,T,G,MSK_PASSENGER,,0
hg38,9,5055691,T,C,MSK_PASSENGER,,0
hg38,9,5055753,G,A,MSK_PASSENGER,,0
hg38,9,5064916,T,C,MSK_PASSENGER,,0
hg38,9,5064943,T,C,MSK_PASSENGER,,0
hg38,9,5064952,A,T,MSK_PASSENGER,,0
hg38,9,5064973,C,T,MSK_PASSENGER,,0
hg38,9,5064982,G,C,MSK_PASSENGER,,0
hg38,9,5064997,G,A,MSK_PASSENGER,,0
hg38,9,5069037,G,A,MSK_PASSENGER,,0
hg38,9,5069038,A,C,MSK_PASSENGER,,0
hg38,9,5069040,T,C,MSK_PASSENGER,,0
hg38,9,5069054,G,C,MSK_PASSENGER,,0
hg38,9,5069064,A,C,MSK_PASSENGER,,0
hg38,9,5069110,G,T,MSK_PASSENGER,,0
hg38,9,5069121,G,T,MSK_PASSENGER,,0
hg38,9,5069158,C,T,MSK_PASSENGER,,0
hg38,9,5069166,A,T,MSK_PASSENGER,,0
hg38,9,5069952,C,G,MSK_PASSENGER,,0
hg38,9,5069964,C,T,MSK_PASSENGER,,0
hg38,9,5070003,A,G,MSK_PASSENGER,,0
hg38,9,5070016,G,C,MSK_PASSENGER,,0
hg38,9,5072504,G,A,MSK_PASSENGER,,0
hg38,9,5072522,A,C,MSK_PASSENGER,,0
hg38,9,5072538,T,C,MSK_PASSENGER,,0
hg38,9,5072544,G,A,MSK_PASSENGER,,0
hg38,9,5072585,C,A,MSK_PASSENGER,,0
hg38,9,5072585,C,G,MSK_PASSENGER,,0
hg38,9,5072600,G,A,MSK_PASSENGER,,0
hg38,9,5072601,A,G,MSK_PASSENGER,,0
hg38,9,5072613,G,A,MSK_PASSENGER,,0
hg38,9,5073742,G,T,MSK_PASSENGER,,0
hg38,9,5073762,G,A,MSK_PASSENGER,,0
hg38,9,5073768,G,A,MSK_PASSENGER,,0
hg38,9,5073782,G,A,MSK_PASSENGER,,0
hg38,9,5077456,T,G,MSK_PASSENGER,,0
hg38,9,5077458,C,G,MSK_PASSENGER,,0
hg38,9,5077508,G,T,MSK_PASSENGER,,0
hg38,9,5077513,A,C,MSK_PASSENGER,,0
hg38,9,5077542,G,C,MSK_PASSENGER,,0
hg38,9,5077551,A,G,MSK_PASSENGER,,0
hg38,9,5078311,A,C,MSK_PASSENGER,,0
hg38,9,5078333,G,A,MSK_PASSENGER,,0
hg38,9,5078391,C,T,MSK_PASSENGER,,0
hg38,9,5078415,G,A,MSK_PASSENGER,,0
hg38,9,5078434,G,T,MSK_PASSENGER,,0
hg38,9,5078436,C,A,MSK_PASSENGER,,0
hg38,9,5080239,G,C,MSK_PASSENGER,,0
hg38,9,5080241,G,T,MSK_PASSENGER,,0
hg38,9,5080261,G,A,MSK_PASSENGER,,0
hg38,9,5080273,A,C,MSK_PASSENGER,,0
hg38,9,5080332,A,C,MSK_PASSENGER,,0
hg38,9,5080342,G,A,MSK_PASSENGER,,0
hg38,9,5080541,A,C,MSK_PASSENGER,,0
hg38,9,5080555,G,A,MSK_PASSENGER,,0
hg38,9,5080561,A,G,MSK_PASSENGER,,0
hg38,9,5080566,C,T,MSK_PASSENGER,,0
hg38,9,5080593,A,C,MSK_PASSENGER,,0
hg38,9,5080600,T,G,MSK_PASSENGER,,0
hg38,9,5080614,G,T,MSK_PASSENGER,,0
hg38,9,5080626,G,A,MSK_PASSENGER,,0
hg38,9,5080657,G,A,MSK_PASSENGER,,0
hg38,9,5081733,C,A,MSK_PASSENGER,,0
hg38,9,5081742,G,A,MSK_PASSENGER,,0
hg38,9,5081749,A,T,MSK_PASSENGER,,0
hg38,9,5081805,C,T,MSK_PASSENGER,,0
hg38,9,5081808,G,C,MSK_PASSENGER,,0
hg38,9,5081811,C,T,MSK_PASSENGER,,0
hg38,9,5081856,G,A,MSK_PASSENGER,,0
hg38,9,5089702,G,A,MSK_PASSENGER,,0
hg38,9,5089704,T,C,MSK_PASSENGER,,0
hg38,9,5089782,G,A,MSK_PASSENGER,,0
hg38,9,5089800,G,A,MSK_PASSENGER,,0
hg38,9,5089816,T,C,MSK_PASSENGER,,0
hg38,9,5089819,A,G,MSK_PASSENGER,,0
hg38,9,5089825,A,T,MSK_PASSENGER,,0
hg38,9,5089846,G,T,MSK_PASSENGER,,0
hg38,9,5090454,A,T,MSK_PASSENGER,,0
hg38,9,5090503,A,G,MSK_PASSENGER,,0
hg38,9,5090515,A,G,MSK_PASSENGER,,0
hg38,9,5090529,G,T,MSK_PASSENGER,,0
hg38,9,5090566,G,A,MSK_PASSENGER,,0
hg38,9,5090778,G,A,MSK_PASSENGER,,0
hg38,9,5090802,G,A,MSK_PASSENGER,,0
hg38,9,5090807,G,T,MSK_PASSENGER,,0
hg38,9,5090825,A,C,MSK_PASSENGER,,0
hg38,9,5090898,A,C,MSK_PASSENGER,,0
hg38,9,5090902,C,T,MSK_PASSENGER,,0
hg38,9,5123011,C,T,MSK_PASSENGER,,0
hg38,9,5123018,C,T,MSK_PASSENGER,,0
hg38,9,5123045,C,T,MSK_PASSENGER,,0
hg38,9,5123048,C,T,MSK_PASSENGER,,0
hg38,9,5123061,C,A,MSK_PASSENGER,,0
hg38,9,5123066,G,T,MSK_PASSENGER,,0
hg38,9,5123078,A,G,MSK_PASSENGER,,0
hg38,9,5123080,G,A,MSK_PASSENGER,,0
hg38,9,5123095,A,G,MSK_PASSENGER,,0
hg38,9,5123104,A,T,MSK_PASSENGER,,0
hg38,9,5123114,C,T,MSK_PASSENGER,,0
hg38,9,5126366,G,C,MSK_PASSENGER,,0
hg38,9,5126384,C,T,MSK_PASSENGER,,0
hg38,9,5126418,T,C,MSK_PASSENGER,,0
hg38,9,5126432,G,A,MSK_PASSENGER,,0
hg38,9,5126433,G,A,MSK_PASSENGER,,0
hg38,9,5126697,T,C,MSK_PASSENGER,,0
hg38,9,5126729,C,T,MSK_PASSENGER,,0
hg38,9,5126751,C,T,MSK_PASSENGER,,0
hg38,9,5126778,A,G,MSK_PASSENGER,,0
hg38,9,5126782,G,T,MSK_PASSENGER,,0
hg38,9,5457088,T,C,MSK_PASSENGER,,0
hg38,9,5457093,G,A,MSK_PASSENGER,,0
hg38,9,5457177,G,A,MSK_PASSENGER,,0
hg38,9,5457207,G,A,MSK_PASSENGER,,0
hg38,9,5457240,G,A,MSK_PASSENGER,,0
hg38,9,5457268,A,G,MSK_PASSENGER,,0
hg38,9,5457282,C,T,MSK_PASSENGER,,0
hg38,9,5457346,A,G,MSK_PASSENGER,,0
hg38,9,5462846,A,C,MSK_PASSENGER,,0
hg38,9,5462911,G,A,MSK_PASSENGER,,0
hg38,9,5463052,G,A,MSK_PASSENGER,,0
hg38,9,5463075,G,C,MSK_PASSENGER,,0
hg38,9,5463077,G,T,MSK_PASSENGER,,0
hg38,9,5463086,C,A,MSK_PASSENGER,,0
hg38,9,5463089,A,G,MSK_PASSENGER,,0
hg38,9,5463097,C,T,MSK_PASSENGER,,0
hg38,9,5465525,G,C,MSK_PASSENGER,,0
hg38,9,5465529,G,T,MSK_PASSENGER,,0
hg38,9,5465546,C,A,MSK_PASSENGER,,0
hg38,9,5465553,C,G,MSK_PASSENGER,,0
hg38,9,5465594,C,T,MSK_PASSENGER,,0
hg38,9,5466775,A,G,MSK_PASSENGER,,0
hg38,9,5466809,C,A,MSK_PASSENGER,,0
hg38,9,5522559,C,A,MSK_PASSENGER,,0
hg38,9,5534822,G,A,MSK_PASSENGER,,0
hg38,9,5534882,G,A,MSK_PASSENGER,,0
hg38,9,5534951,C,T,MSK_PASSENGER,,0
hg38,9,5534962,A,C,MSK_PASSENGER,,0
hg38,9,5549364,C,A,MSK_PASSENGER,,0
hg38,9,5549387,G,T,MSK_PASSENGER,,0
hg38,9,5549403,C,A,MSK_PASSENGER,,0
hg38,9,5549434,C,T,MSK_PASSENGER,,0
hg38,9,5549436,T,C,MSK_PASSENGER,,0
hg38,9,5549499,G,A,MSK_PASSENGER,,0
hg38,9,5549535,A,G,MSK_PASSENGER,,0
hg38,9,5549536,G,C,MSK_PASSENGER,,0
hg38,9,5549569,T,A,MSK_PASSENGER,,0
hg38,9,5557638,C,T,MSK_PASSENGER,,0
hg38,9,5557645,C,T,MSK_PASSENGER,,0
hg38,9,5557701,A,G,MSK_PASSENGER,,0
hg38,9,5557710,G,T,MSK_PASSENGER,,0
hg38,9,5557738,T,G,MSK_PASSENGER,,0
hg38,9,5557740,T,C,MSK_PASSENGER,,0
hg38,9,5557744,C,A,MSK_PASSENGER,,0
hg38,9,8317878,G,A,MSK_PASSENGER,,0
hg38,9,8317888,G,T,MSK_PASSENGER,,0
hg38,9,8317891,C,A,MSK_PASSENGER,,0
hg38,9,8317894,A,T,MSK_PASSENGER,,0
hg38,9,8317907,C,A,MSK_PASSENGER,,0
hg38,9,8317915,C,A,MSK_PASSENGER,,0
hg38,9,8317936,A,T,MSK_PASSENGER,,0
hg38,9,8319841,A,G,MSK_PASSENGER,,0
hg38,9,8319853,C,T,MSK_PASSENGER,,0
hg38,9,8319884,A,T,MSK_PASSENGER,,0
hg38,9,8319890,C,T,MSK_PASSENGER,,0
hg38,9,8319899,C,T,MSK_PASSENGER,,0
hg38,9,8319901,T,C,MSK_PASSENGER,,0
hg38,9,8319934,G,A,MSK_PASSENGER,,0
hg38,9,8319940,A,C,MSK_PASSENGER,,0
hg38,9,8319950,T,C,MSK_PASSENGER,,0
hg38,9,8331585,C,T,MSK_PASSENGER,,0
hg38,9,8331594,G,A,MSK_PASSENGER,,0
hg38,9,8331612,C,G,MSK_PASSENGER,,0
hg38,9,8331643,C,G,MSK_PASSENGER,,0
hg38,9,8331646,T,C,MSK_PASSENGER,,0
hg38,9,8331648,A,C,MSK_PASSENGER,,0
hg38,9,8331652,C,A,MSK_PASSENGER,,0
hg38,9,8331661,C,T,MSK_PASSENGER,,0
hg38,9,8331667,C,T,MSK_PASSENGER,,0
hg38,9,8331669,G,T,MSK_PASSENGER,,0
hg38,9,8331686,C,A,MSK_PASSENGER,,0
hg38,9,8331688,C,T,MSK_PASSENGER,,0
hg38,9,8331692,C,A,MSK_PASSENGER,,0
hg38,9,8331695,G,T,MSK_PASSENGER,,0
hg38,9,8331710,C,A,MSK_PASSENGER,,0
hg38,9,8331724,G,C,MSK_PASSENGER,,0
hg38,9,8338964,C,A,MSK_PASSENGER,,0
hg38,9,8338966,T,A,MSK_PASSENGER,,0
hg38,9,8338979,C,A,MSK_PASSENGER,,0
hg38,9,8338983,G,A,MSK_PASSENGER,,0
hg38,9,8338987,C,A,MSK_PASSENGER,,0
hg38,9,8339013,G,A,MSK_PASSENGER,,0
hg38,9,8339017,G,A,MSK_PASSENGER,,0
hg38,9,8339019,T,A,MSK_PASSENGER,,0
hg38,9,8339023,C,A,MSK_PASSENGER,,0
hg38,9,8339038,G,A,MSK_PASSENGER,,0
hg38,9,8339040,C,G,MSK_PASSENGER,,0
hg38,9,8340348,C,T,MSK_PASSENGER,,0
hg38,9,8340351,T,G,MSK_PASSENGER,,0
hg38,9,8340357,G,A,MSK_PASSENGER,,0
hg38,9,8340360,G,T,MSK_PASSENGER,,0
hg38,9,8340361,C,A,MSK_PASSENGER,,0
hg38,9,8340393,G,T,MSK_PASSENGER,,0
hg38,9,8340407,C,T,MSK_PASSENGER,,0
hg38,9,8340408,G,A,MSK_PASSENGER,,0
hg38,9,8340409,C,A,MSK_PASSENGER,,0
hg38,9,8340429,C,T,MSK_PASSENGER,,0
hg38,9,8340437,G,A,MSK_PASSENGER,,0
hg38,9,8340441,C,A,MSK_PASSENGER,,0
hg38,9,8340446,G,A,MSK_PASSENGER,,0
hg38,9,8340461,T,C,MSK_PASSENGER,,0
hg38,9,8341097,C,T,MSK_PASSENGER,,0
hg38,9,8341111,G,A,MSK_PASSENGER,,0
hg38,9,8341122,A,T,MSK_PASSENGER,,0
hg38,9,8341129,C,T,MSK_PASSENGER,,0
hg38,9,8341130,C,T,MSK_PASSENGER,,0
hg38,9,8341138,C,A,MSK_PASSENGER,,0
hg38,9,8341139,C,T,MSK_PASSENGER,,0
hg38,9,8341142,G,A,MSK_PASSENGER,,0
hg38,9,8341160,C,G,MSK_PASSENGER,,0
hg38,9,8341190,C,T,MSK_PASSENGER,,0
hg38,9,8341193,G,T,MSK_PASSENGER,,0
hg38,9,8341213,C,T,MSK_PASSENGER,,0
hg38,9,8341216,G,T,MSK_PASSENGER,,0
hg38,9,8341250,C,A,MSK_PASSENGER,,0
hg38,9,8341255,G,A,MSK_PASSENGER,,0
hg38,9,8341261,G,A,MSK_PASSENGER,,0
hg38,9,8341701,C,T,MSK_PASSENGER,,0
hg38,9,8341704,G,A,MSK_PASSENGER,,0
hg38,9,8341712,C,T,MSK_PASSENGER,,0
hg38,9,8341725,C,T,MSK_PASSENGER,,0
hg38,9,8341727,C,A,MSK_PASSENGER,,0
hg38,9,8341730,G,A,MSK_PASSENGER,,0
hg38,9,8341734,C,T,MSK_PASSENGER,,0
hg38,9,8341772,C,G,MSK_PASSENGER,,0
hg38,9,8341773,T,C,MSK_PASSENGER,,0
hg38,9,8341782,C,G,MSK_PASSENGER,,0
hg38,9,8341787,G,A,MSK_PASSENGER,,0
hg38,9,8341794,C,T,MSK_PASSENGER,,0
hg38,9,8341806,C,G,MSK_PASSENGER,,0
hg38,9,8341817,G,A,MSK_PASSENGER,,0
hg38,9,8341818,C,A,MSK_PASSENGER,,0
hg38,9,8341820,T,C,MSK_PASSENGER,,0
hg38,9,8341821,C,A,MSK_PASSENGER,,0
hg38,9,8341839,G,T,MSK_PASSENGER,,0
hg38,9,8341842,C,A,MSK_PASSENGER,,0
hg38,9,8341845,C,T,MSK_PASSENGER,,0
hg38,9,8341847,G,T,MSK_PASSENGER,,0
hg38,9,8341849,T,G,MSK_PASSENGER,,0
hg38,9,8341865,C,A,MSK_PASSENGER,,0
hg38,9,8341867,C,A,MSK_PASSENGER,,0
hg38,9,8341872,C,T,MSK_PASSENGER,,0
hg38,9,8341880,A,G,MSK_PASSENGER,,0
hg38,9,8341890,G,A,MSK_PASSENGER,,0
hg38,9,8341892,C,T,MSK_PASSENGER,,0
hg38,9,8341902,C,A,MSK_PASSENGER,,0
hg38,9,8341907,G,A,MSK_PASSENGER,,0
hg38,9,8341914,C,T,MSK_PASSENGER,,0
hg38,9,8341917,G,T,MSK_PASSENGER,,0
hg38,9,8341919,T,G,MSK_PASSENGER,,0
hg38,9,8341929,C,G,MSK_PASSENGER,,0
hg38,9,8341932,A,T,MSK_PASSENGER,,0
hg38,9,8341940,T,A,MSK_PASSENGER,,0
hg38,9,8341944,T,C,MSK_PASSENGER,,0
hg38,9,8341964,C,T,MSK_PASSENGER,,0
hg38,9,8341965,G,C,MSK_PASSENGER,,0
hg38,9,8341970,A,T,MSK_PASSENGER,,0
hg38,9,8375945,A,G,MSK_PASSENGER,,0
hg38,9,8375954,G,A,MSK_PASSENGER,,0
hg38,9,8375955,G,A,MSK_PASSENGER,,0
hg38,9,8375964,C,T,MSK_PASSENGER,,0
hg38,9,8375966,G,A,MSK_PASSENGER,,0
hg38,9,8375967,G,A,MSK_PASSENGER,,0
hg38,9,8375969,G,A,MSK_PASSENGER,,0
hg38,9,8375972,T,C,MSK_PASSENGER,,0
hg38,9,8375976,A,T,MSK_PASSENGER,,0
hg38,9,8376012,T,G,MSK_PASSENGER,,0
hg38,9,8376014,G,T,MSK_PASSENGER,,0
hg38,9,8376038,G,T,MSK_PASSENGER,,0
hg38,9,8376039,G,T,MSK_PASSENGER,,0
hg38,9,8376048,T,G,MSK_PASSENGER,,0
hg38,9,8376063,T,C,MSK_PASSENGER,,0
hg38,9,8376078,C,G,MSK_PASSENGER,,0
hg38,9,8376087,C,G,MSK_PASSENGER,,0
hg38,9,8376624,T,C,MSK_PASSENGER,,0
hg38,9,8376641,G,A,MSK_PASSENGER,,0
hg38,9,8376642,C,A,MSK_PASSENGER,,0
hg38,9,8376657,C,A,MSK_PASSENGER,,0
hg38,9,8376678,G,T,MSK_PASSENGER,,0
hg38,9,8376681,C,T,MSK_PASSENGER,,0
hg38,9,8376683,T,A,MSK_PASSENGER,,0
hg38,9,8376695,C,G,MSK_PASSENGER,,0
hg38,9,8376696,C,A,MSK_PASSENGER,,0
hg38,9,8376714,G,T,MSK_PASSENGER,,0
hg38,9,8389236,G,A,MSK_PASSENGER,,0
hg38,9,8389245,T,C,MSK_PASSENGER,,0
hg38,9,8389266,A,G,MSK_PASSENGER,,0
hg38,9,8389273,C,T,MSK_PASSENGER,,0
hg38,9,8389276,T,C,MSK_PASSENGER,,0
hg38,9,8389285,C,T,MSK_PASSENGER,,0
hg38,9,8389296,C,T,MSK_PASSENGER,,0
hg38,9,8389306,C,A,MSK_PASSENGER,,0
hg38,9,8389308,C,A,MSK_PASSENGER,,0
hg38,9,8389311,A,C,MSK_PASSENGER,,0
hg38,9,8389318,C,T,MSK_PASSENGER,,0
hg38,9,8389324,G,A,MSK_PASSENGER,,0
hg38,9,8389333,G,T,MSK_PASSENGER,,0
hg38,9,8389359,C,A,MSK_PASSENGER,,0
hg38,9,8389360,T,A,MSK_PASSENGER,,0
hg38,9,8389363,A,G,MSK_PASSENGER,,0
hg38,9,8389366,C,A,MSK_PASSENGER,,0
hg38,9,8389369,C,T,MSK_PASSENGER,,0
hg38,9,8389371,A,G,MSK_PASSENGER,,0
hg38,9,8404540,C,G,MSK_PASSENGER,,0
hg38,9,8404545,G,A,MSK_PASSENGER,,0
hg38,9,8404567,G,A,MSK_PASSENGER,,0
hg38,9,8404591,A,G,MSK_PASSENGER,,0
hg38,9,8404593,C,G,MSK_PASSENGER,,0
hg38,9,8404619,G,C,MSK_PASSENGER,,0
hg38,9,8404650,G,A,MSK_PASSENGER,,0
hg38,9,8404651,G,A,MSK_PASSENGER,,0
hg38,9,8436603,G,T,MSK_PASSENGER,,0
hg38,9,8436635,C,T,MSK_PASSENGER,,0
hg38,9,8436642,T,C,MSK_PASSENGER,,0
hg38,9,8436679,G,T,MSK_PASSENGER,,0
hg38,9,8436684,C,T,MSK_PASSENGER,,0
hg38,9,8436685,C,G,MSK_PASSENGER,,0
hg38,9,8449734,G,C,MSK_PASSENGER,,0
hg38,9,8449736,A,G,MSK_PASSENGER,,0
hg38,9,8449739,T,G,MSK_PASSENGER,,0
hg38,9,8449745,C,T,MSK_PASSENGER,,0
hg38,9,8449760,G,T,MSK_PASSENGER,,0
hg38,9,8449773,G,A,MSK_PASSENGER,,0
hg38,9,8449788,C,T,MSK_PASSENGER,,0
hg38,9,8449799,G,C,MSK_PASSENGER,,0
hg38,9,8449814,C,A,MSK_PASSENGER,,0
hg38,9,8449832,C,T,MSK_PASSENGER,,0
hg38,9,8460420,A,C,MSK_PASSENGER,,0
hg38,9,8460421,G,T,MSK_PASSENGER,,0
hg38,9,8460441,C,T,MSK_PASSENGER,,0
hg38,9,8460444,A,C,MSK_PASSENGER,,0
hg38,9,8460448,T,A,MSK_PASSENGER,,0
hg38,9,8460468,G,T,MSK_PASSENGER,,0
hg38,9,8460494,T,G,MSK_PASSENGER,,0
hg38,9,8460499,C,T,MSK_PASSENGER,,0
hg38,9,8460504,G,A,MSK_PASSENGER,,0
hg38,9,8460511,G,T,MSK_PASSENGER,,0
hg38,9,8460517,G,A,MSK_PASSENGER,,0
hg38,9,8460526,C,T,MSK_PASSENGER,,0
hg38,9,8460532,A,T,MSK_PASSENGER,,0
hg38,9,8460534,A,G,MSK_PASSENGER,,0
hg38,9,8460540,G,A,MSK_PASSENGER,,0
hg38,9,8460552,G,T,MSK_PASSENGER,,0
hg38,9,8460555,C,A,MSK_PASSENGER,,0
hg38,9,8460555,C,T,MSK_PASSENGER,,0
hg38,9,8460567,A,T,MSK_PASSENGER,,0
hg38,9,8465473,G,T,MSK_PASSENGER,,0
hg38,9,8465477,G,A,MSK_PASSENGER,,0
hg38,9,8465503,A,G,MSK_PASSENGER,,0
hg38,9,8465513,G,T,MSK_PASSENGER,,0
hg38,9,8465527,T,C,MSK_PASSENGER,,0
hg38,9,8465534,T,A,MSK_PASSENGER,,0
hg38,9,8465543,C,T,MSK_PASSENGER,,0
hg38,9,8465545,C,T,MSK_PASSENGER,,0
hg38,9,8465564,C,T,MSK_PASSENGER,,0
hg38,9,8465575,T,G,MSK_PASSENGER,,0
hg38,9,8465582,G,A,MSK_PASSENGER,,0
hg38,9,8465587,A,G,MSK_PASSENGER,,0
hg38,9,8465603,C,T,MSK_PASSENGER,,0
hg38,9,8465608,T,C,MSK_PASSENGER,,0
hg38,9,8465621,C,T,MSK_PASSENGER,,0
hg38,9,8465627,C,T,MSK_PASSENGER,,0
hg38,9,8465629,C,T,MSK_PASSENGER,,0
hg38,9,8465638,C,T,MSK_PASSENGER,,0
hg38,9,8471006,C,T,MSK_PASSENGER,,0
hg38,9,8471007,C,T,MSK_PASSENGER,,0
hg38,9,8471044,C,A,MSK_PASSENGER,,0
hg38,9,8471053,T,A,MSK_PASSENGER,,0
hg38,9,8471055,C,A,MSK_PASSENGER,,0
hg38,9,8471063,G,A,MSK_PASSENGER,,0
hg38,9,8471080,T,C,MSK_PASSENGER,,0
hg38,9,8484138,G,T,MSK_PASSENGER,,0
hg38,9,8484147,G,A,MSK_PASSENGER,,0
hg38,9,8484149,A,C,MSK_PASSENGER,,0
hg38,9,8484152,T,C,MSK_PASSENGER,,0
hg38,9,8484156,C,A,MSK_PASSENGER,,0
hg38,9,8484161,A,C,MSK_PASSENGER,,0
hg38,9,8484163,C,A,MSK_PASSENGER,,0
hg38,9,8484168,C,A,MSK_PASSENGER,,0
hg38,9,8484181,C,A,MSK_PASSENGER,,0
hg38,9,8484185,C,A,MSK_PASSENGER,,0
hg38,9,8484186,C,T,MSK_PASSENGER,,0
hg38,9,8484199,C,A,MSK_PASSENGER,,0
hg38,9,8484203,G,A,MSK_PASSENGER,,0
hg38,9,8484218,G,T,MSK_PASSENGER,,0
hg38,9,8484264,T,A,MSK_PASSENGER,,0
hg38,9,8484287,G,A,MSK_PASSENGER,,0
hg38,9,8484293,G,A,MSK_PASSENGER,,0
hg38,9,8484306,T,C,MSK_PASSENGER,,0
hg38,9,8484308,A,G,MSK_PASSENGER,,0
hg38,9,8484310,G,T,MSK_PASSENGER,,0
hg38,9,8484345,C,G,MSK_PASSENGER,,0
hg38,9,8484349,T,G,MSK_PASSENGER,,0
hg38,9,8484354,C,T,MSK_PASSENGER,,0
hg38,9,8484355,C,T,MSK_PASSENGER,,0
hg38,9,8484362,C,A,MSK_PASSENGER,,0
hg38,9,8484366,C,A,MSK_PASSENGER,,0
hg38,9,8485234,G,T,MSK_PASSENGER,,0
hg38,9,8485241,C,T,MSK_PASSENGER,,0
hg38,9,8485243,G,T,MSK_PASSENGER,,0
hg38,9,8485252,T,C,MSK_PASSENGER,,0
hg38,9,8485263,C,G,MSK_PASSENGER,,0
hg38,9,8485280,C,T,MSK_PASSENGER,,0
hg38,9,8485286,T,C,MSK_PASSENGER,,0
hg38,9,8485295,C,A,MSK_PASSENGER,,0
hg38,9,8485310,A,C,MSK_PASSENGER,,0
hg38,9,8485767,T,A,MSK_PASSENGER,,0
hg38,9,8485786,A,C,MSK_PASSENGER,,0
hg38,9,8485815,C,A,MSK_PASSENGER,,0
hg38,9,8485830,G,A,MSK_PASSENGER,,0
hg38,9,8485846,C,T,MSK_PASSENGER,,0
hg38,9,8485863,T,A,MSK_PASSENGER,,0
hg38,9,8485865,T,A,MSK_PASSENGER,,0
hg38,9,8485880,C,T,MSK_PASSENGER,,0
hg38,9,8485885,T,C,MSK_PASSENGER,,0
hg38,9,8485903,T,A,MSK_PASSENGER,,0
hg38,9,8485905,A,G,MSK_PASSENGER,,0
hg38,9,8485907,C,A,MSK_PASSENGER,,0
hg38,9,8485917,G,A,MSK_PASSENGER,,0
hg38,9,8485926,G,A,MSK_PASSENGER,,0
hg38,9,8485940,C,A,MSK_PASSENGER,,0
hg38,9,8485941,C,T,MSK_PASSENGER,,0
hg38,9,8485945,A,G,MSK_PASSENGER,,0
hg38,9,8485962,G,A,MSK_PASSENGER,,0
hg38,9,8485971,C,T,MSK_PASSENGER,,0
hg38,9,8485972,C,T,MSK_PASSENGER,,0
hg38,9,8485975,T,C,MSK_PASSENGER,,0
hg38,9,8485977,C,T,MSK_PASSENGER,,0
hg38,9,8485981,C,T,MSK_PASSENGER,,0
hg38,9,8485992,G,A,MSK_PASSENGER,,0
hg38,9,8486007,A,G,MSK_PASSENGER,,0
hg38,9,8486014,C,G,MSK_PASSENGER,,0
hg38,9,8486016,G,A,MSK_PASSENGER,,0
hg38,9,8486022,G,A,MSK_PASSENGER,,0
hg38,9,8486037,G,A,MSK_PASSENGER,,0
hg38,9,8486044,G,T,MSK_PASSENGER,,0
hg38,9,8486052,G,A,MSK_PASSENGER,,0
hg38,9,8486065,G,T,MSK_PASSENGER,,0
hg38,9,8486071,C,T,MSK_PASSENGER,,0
hg38,9,8486097,A,T,MSK_PASSENGER,,0
hg38,9,8486101,C,T,MSK_PASSENGER,,0
hg38,9,8486104,C,T,MSK_PASSENGER,,0
hg38,9,8486113,C,T,MSK_PASSENGER,,0
hg38,9,8486121,T,G,MSK_PASSENGER,,0
hg38,9,8486124,C,A,MSK_PASSENGER,,0
hg38,9,8486143,C,T,MSK_PASSENGER,,0
hg38,9,8486155,C,T,MSK_PASSENGER,,0
hg38,9,8486156,C,A,MSK_PASSENGER,,0
hg38,9,8486196,G,A,MSK_PASSENGER,,0
hg38,9,8486198,G,T,MSK_PASSENGER,,0
hg38,9,8486205,A,T,MSK_PASSENGER,,0
hg38,9,8486227,C,G,MSK_PASSENGER,,0
hg38,9,8486242,T,G,MSK_PASSENGER,,0
hg38,9,8486245,G,T,MSK_PASSENGER,,0
hg38,9,8486247,C,T,MSK_PASSENGER,,0
hg38,9,8486253,C,T,MSK_PASSENGER,,0
hg38,9,8486269,A,G,MSK_PASSENGER,,0
hg38,9,8486274,T,C,MSK_PASSENGER,,0
hg38,9,8486280,G,A,MSK_PASSENGER,,0
hg38,9,8486281,G,A,MSK_PASSENGER,,0
hg38,9,8486288,C,A,MSK_PASSENGER,,0
hg38,9,8486299,G,A,MSK_PASSENGER,,0
hg38,9,8486320,G,T,MSK_PASSENGER,,0
hg38,9,8486335,G,A,MSK_PASSENGER,,0
hg38,9,8486344,C,T,MSK_PASSENGER,,0
hg38,9,8486346,G,A,MSK_PASSENGER,,0
hg38,9,8492867,C,A,MSK_PASSENGER,,0
hg38,9,8492876,G,A,MSK_PASSENGER,,0
hg38,9,8492882,A,G,MSK_PASSENGER,,0
hg38,9,8492889,G,A,MSK_PASSENGER,,0
hg38,9,8492898,G,C,MSK_PASSENGER,,0
hg38,9,8492901,C,T,MSK_PASSENGER,,0
hg38,9,8492904,C,A,MSK_PASSENGER,,0
hg38,9,8492907,C,T,MSK_PASSENGER,,0
hg38,9,8492909,C,T,MSK_PASSENGER,,0
hg38,9,8492910,C,T,MSK_PASSENGER,,0
hg38,9,8492946,A,G,MSK_PASSENGER,,0
hg38,9,8497247,C,T,MSK_PASSENGER,,0
hg38,9,8497249,G,T,MSK_PASSENGER,,0
hg38,9,8497255,T,A,MSK_PASSENGER,,0
hg38,9,8497256,C,T,MSK_PASSENGER,,0
hg38,9,8499651,G,T,MSK_PASSENGER,,0
hg38,9,8499652,C,A,MSK_PASSENGER,,0
hg38,9,8499654,T,A,MSK_PASSENGER,,0
hg38,9,8499670,C,G,MSK_PASSENGER,,0
hg38,9,8499681,G,T,MSK_PASSENGER,,0
hg38,9,8499682,G,C,MSK_PASSENGER,,0
hg38,9,8499688,C,A,MSK_PASSENGER,,0
hg38,9,8499690,T,A,MSK_PASSENGER,,0
hg38,9,8499693,G,A,MSK_PASSENGER,,0
hg38,9,8499699,C,T,MSK_PASSENGER,,0
hg38,9,8499700,C,T,MSK_PASSENGER,,0
hg38,9,8499711,C,T,MSK_PASSENGER,,0
hg38,9,8499712,T,A,MSK_PASSENGER,,0
hg38,9,8499745,C,A,MSK_PASSENGER,,0
hg38,9,8499748,G,A,MSK_PASSENGER,,0
hg38,9,8499755,A,T,MSK_PASSENGER,,0
hg38,9,8499759,G,A,MSK_PASSENGER,,0
hg38,9,8499765,G,A,MSK_PASSENGER,,0
hg38,9,8499772,G,A,MSK_PASSENGER,,0
hg38,9,8499774,C,A,MSK_PASSENGER,,0
hg38,9,8499777,G,A,MSK_PASSENGER,,0
hg38,9,8499787,C,T,MSK_PASSENGER,,0
hg38,9,8499793,T,A,MSK_PASSENGER,,0
hg38,9,8499828,G,T,MSK_PASSENGER,,0
hg38,9,8499831,C,A,MSK_PASSENGER,,0
hg38,9,8499832,C,A,MSK_PASSENGER,,0
hg38,9,8500757,C,T,MSK_PASSENGER,,0
hg38,9,8500759,T,G,MSK_PASSENGER,,0
hg38,9,8500768,C,T,MSK_PASSENGER,,0
hg38,9,8500788,C,A,MSK_PASSENGER,,0
hg38,9,8500790,C,G,MSK_PASSENGER,,0
hg38,9,8500793,G,A,MSK_PASSENGER,,0
hg38,9,8500796,C,T,MSK_PASSENGER,,0
hg38,9,8500808,C,T,MSK_PASSENGER,,0
hg38,9,8500816,G,T,MSK_PASSENGER,,0
hg38,9,8500826,T,A,MSK_PASSENGER,,0
hg38,9,8500831,C,T,MSK_PASSENGER,,0
hg38,9,8500832,G,A,MSK_PASSENGER,,0
hg38,9,8500838,C,T,MSK_PASSENGER,,0
hg38,9,8500843,C,A,MSK_PASSENGER,,0
hg38,9,8500850,C,T,MSK_PASSENGER,,0
hg38,9,8500864,A,T,MSK_PASSENGER,,0
hg38,9,8500865,G,A,MSK_PASSENGER,,0
hg38,9,8500871,T,G,MSK_PASSENGER,,0
hg38,9,8500876,G,C,MSK_PASSENGER,,0
hg38,9,8500893,C,G,MSK_PASSENGER,,0
hg38,9,8500901,C,T,MSK_PASSENGER,,0
hg38,9,8500903,T,C,MSK_PASSENGER,,0
hg38,9,8500904,G,A,MSK_PASSENGER,,0
hg38,9,8500937,A,T,MSK_PASSENGER,,0
hg38,9,8500939,T,G,MSK_PASSENGER,,0
hg38,9,8500946,A,G,MSK_PASSENGER,,0
hg38,9,8500951,T,G,MSK_PASSENGER,,0
hg38,9,8500963,C,T,MSK_PASSENGER,,0
hg38,9,8500971,T,G,MSK_PASSENGER,,0
hg38,9,8500979,C,A,MSK_PASSENGER,,0
hg38,9,8500990,T,G,MSK_PASSENGER,,0
hg38,9,8500991,G,T,MSK_PASSENGER,,0
hg38,9,8501020,G,A,MSK_PASSENGER,,0
hg38,9,8501027,T,A,MSK_PASSENGER,,0
hg38,9,8501045,G,T,MSK_PASSENGER,,0
hg38,9,8501056,G,A,MSK_PASSENGER,,0
hg38,9,8504273,T,C,MSK_PASSENGER,,0
hg38,9,8504275,C,G,MSK_PASSENGER,,0
hg38,9,8504276,T,C,MSK_PASSENGER,,0
hg38,9,8504279,C,T,MSK_PASSENGER,,0
hg38,9,8504281,G,A,MSK_PASSENGER,,0
hg38,9,8504324,C,A,MSK_PASSENGER,,0
hg38,9,8504332,C,A,MSK_PASSENGER,,0
hg38,9,8504347,C,T,MSK_PASSENGER,,0
hg38,9,8504354,G,A,MSK_PASSENGER,,0
hg38,9,8504362,C,T,MSK_PASSENGER,,0
hg38,9,8504363,C,T,MSK_PASSENGER,,0
hg38,9,8504371,C,A,MSK_PASSENGER,,0
hg38,9,8504378,A,T,MSK_PASSENGER,,0
hg38,9,8504390,C,T,MSK_PASSENGER,,0
hg38,9,8507308,C,T,MSK_PASSENGER,,0
hg38,9,8507309,C,T,MSK_PASSENGER,,0
hg38,9,8507315,C,T,MSK_PASSENGER,,0
hg38,9,8507318,C,A,MSK_PASSENGER,,0
hg38,9,8507321,C,T,MSK_PASSENGER,,0
hg38,9,8507326,T,A,MSK_PASSENGER,,0
hg38,9,8507336,C,T,MSK_PASSENGER,,0
hg38,9,8507338,T,C,MSK_PASSENGER,,0
hg38,9,8507344,G,A,MSK_PASSENGER,,0
hg38,9,8507354,C,T,MSK_PASSENGER,,0
hg38,9,8507360,G,A,MSK_PASSENGER,,0
hg38,9,8507365,G,T,MSK_PASSENGER,,0
hg38,9,8507381,A,T,MSK_PASSENGER,,0
hg38,9,8507389,G,C,MSK_PASSENGER,,0
hg38,9,8507414,A,G,MSK_PASSENGER,,0
hg38,9,8507419,A,G,MSK_PASSENGER,,0
hg38,9,8507423,G,T,MSK_PASSENGER,,0
hg38,9,8507426,G,T,MSK_PASSENGER,,0
hg38,9,8507429,C,A,MSK_PASSENGER,,0
hg38,9,8517865,A,G,MSK_PASSENGER,,0
hg38,9,8517873,G,T,MSK_PASSENGER,,0
hg38,9,8517878,T,G,MSK_PASSENGER,,0
hg38,9,8517880,G,A,MSK_PASSENGER,,0
hg38,9,8517883,A,T,MSK_PASSENGER,,0
hg38,9,8517889,C,T,MSK_PASSENGER,,0
hg38,9,8517893,C,T,MSK_PASSENGER,,0
hg38,9,8517895,C,T,MSK_PASSENGER,,0
hg38,9,8517911,C,A,MSK_PASSENGER,,0
hg38,9,8517925,G,A,MSK_PASSENGER,,0
hg38,9,8517931,G,A,MSK_PASSENGER,,0
hg38,9,8517944,C,A,MSK_PASSENGER,,0
hg38,9,8517947,A,C,MSK_PASSENGER,,0
hg38,9,8517958,G,A,MSK_PASSENGER,,0
hg38,9,8517968,G,T,MSK_PASSENGER,,0
hg38,9,8517973,T,A,MSK_PASSENGER,,0
hg38,9,8517990,C,T,MSK_PASSENGER,,0
hg38,9,8517998,T,C,MSK_PASSENGER,,0
hg38,9,8518003,A,T,MSK_PASSENGER,,0
hg38,9,8518007,G,A,MSK_PASSENGER,,0
hg38,9,8518016,G,A,MSK_PASSENGER,,0
hg38,9,8518020,C,T,MSK_PASSENGER,,0
hg38,9,8518025,T,C,MSK_PASSENGER,,0
hg38,9,8518034,C,T,MSK_PASSENGER,,0
hg38,9,8518042,C,T,MSK_PASSENGER,,0
hg38,9,8518043,C,T,MSK_PASSENGER,,0
hg38,9,8518044,T,A,MSK_PASSENGER,,0
hg38,9,8518048,A,C,MSK_PASSENGER,,0
hg38,9,8518050,C,A,MSK_PASSENGER,,0
hg38,9,8518054,C,T,MSK_PASSENGER,,0
hg38,9,8518055,C,T,MSK_PASSENGER,,0
hg38,9,8518064,C,T,MSK_PASSENGER,,0
hg38,9,8518067,C,G,MSK_PASSENGER,,0
hg38,9,8518073,C,T,MSK_PASSENGER,,0
hg38,9,8518081,T,C,MSK_PASSENGER,,0
hg38,9,8518082,G,C,MSK_PASSENGER,,0
hg38,9,8518087,A,G,MSK_PASSENGER,,0
hg38,9,8518091,T,C,MSK_PASSENGER,,0
hg38,9,8518099,G,A,hotspot,,1
hg38,9,8518104,C,A,MSK_PASSENGER,,0
hg38,9,8518124,C,T,MSK_PASSENGER,,0
hg38,9,8518130,G,A,MSK_PASSENGER,,0
hg38,9,8518139,A,T,MSK_PASSENGER,,0
hg38,9,8518144,G,A,MSK_PASSENGER,,0
hg38,9,8518162,G,T,MSK_PASSENGER,,0
hg38,9,8518163,T,C,MSK_PASSENGER,,0
hg38,9,8518172,G,A,MSK_PASSENGER,,0
hg38,9,8518175,C,T,MSK_PASSENGER,,0
hg38,9,8518183,G,A,MSK_PASSENGER,,0
hg38,9,8518231,G,A,MSK_PASSENGER,,0
hg38,9,8518235,A,G,MSK_PASSENGER,,0
hg38,9,8518250,C,T,MSK_PASSENGER,,0
hg38,9,8518261,C,A,MSK_PASSENGER,,0
hg38,9,8518264,G,C,MSK_PASSENGER,,0
hg38,9,8518270,G,A,MSK_PASSENGER,,0
hg38,9,8518284,T,G,MSK_PASSENGER,,0
hg38,9,8518298,C,T,MSK_PASSENGER,,0
hg38,9,8518308,T,A,MSK_PASSENGER,,0
hg38,9,8518315,T,G,MSK_PASSENGER,,0
hg38,9,8518336,G,A,MSK_PASSENGER,,0
hg38,9,8518344,C,A,MSK_PASSENGER,,0
hg38,9,8518354,C,T,MSK_PASSENGER,,0
hg38,9,8518360,T,A,MSK_PASSENGER,,0
hg38,9,8518363,C,A,MSK_PASSENGER,,0
hg38,9,8518366,G,A,MSK_PASSENGER,,0
hg38,9,8518385,C,T,MSK_PASSENGER,,0
hg38,9,8518393,T,A,MSK_PASSENGER,,0
hg38,9,8518403,C,T,MSK_PASSENGER,,0
hg38,9,8518405,G,A,MSK_PASSENGER,,0
hg38,9,8518411,C,T,MSK_PASSENGER,,0
hg38,9,8521291,T,G,MSK_PASSENGER,,0
hg38,9,8521352,G,T,MSK_PASSENGER,,0
hg38,9,8521355,T,C,MSK_PASSENGER,,0
hg38,9,8521361,C,T,MSK_PASSENGER,,0
hg38,9,8521392,C,A,MSK_PASSENGER,,0
hg38,9,8521397,C,T,MSK_PASSENGER,,0
hg38,9,8521405,G,A,MSK_PASSENGER,,0
hg38,9,8521418,C,G,MSK_PASSENGER,,0
hg38,9,8521431,C,A,MSK_PASSENGER,,0
hg38,9,8521454,A,C,MSK_PASSENGER,,0
hg38,9,8521462,G,A,MSK_PASSENGER,,0
hg38,9,8521466,C,T,MSK_PASSENGER,,0
hg38,9,8521469,A,T,MSK_PASSENGER,,0
hg38,9,8521482,G,T,MSK_PASSENGER,,0
hg38,9,8521499,T,A,MSK_PASSENGER,,0
hg38,9,8521502,C,T,MSK_PASSENGER,,0
hg38,9,8521513,G,T,MSK_PASSENGER,,0
hg38,9,8521514,G,T,MSK_PASSENGER,,0
hg38,9,8521522,G,A,MSK_PASSENGER,,0
hg38,9,8521528,C,A,MSK_PASSENGER,,0
hg38,9,8524945,G,A,MSK_PASSENGER,,0
hg38,9,8524946,G,A,MSK_PASSENGER,,0
hg38,9,8524949,C,T,MSK_PASSENGER,,0
hg38,9,8524963,C,T,MSK_PASSENGER,,0
hg38,9,8524971,G,T,MSK_PASSENGER,,0
hg38,9,8525014,C,T,MSK_PASSENGER,,0
hg38,9,8525021,C,G,MSK_PASSENGER,,0
hg38,9,8525025,C,A,MSK_PASSENGER,,0
hg38,9,8525030,G,T,MSK_PASSENGER,,0
hg38,9,8526641,C,A,MSK_PASSENGER,,0
hg38,9,8527350,G,T,MSK_PASSENGER,,0
hg38,9,8528600,A,T,MSK_PASSENGER,,0
hg38,9,8528611,C,A,MSK_PASSENGER,,0
hg38,9,8528622,G,T,MSK_PASSENGER,,0
hg38,9,8528626,C,T,MSK_PASSENGER,,0
hg38,9,8528636,C,G,MSK_PASSENGER,,0
hg38,9,8528644,A,C,MSK_PASSENGER,,0
hg38,9,8528648,C,A,MSK_PASSENGER,,0
hg38,9,8528663,T,A,MSK_PASSENGER,,0
hg38,9,8528665,T,C,MSK_PASSENGER,,0
hg38,9,8528672,C,A,MSK_PASSENGER,,0
hg38,9,8528675,G,A,MSK_PASSENGER,,0
hg38,9,8528692,C,A,MSK_PASSENGER,,0
hg38,9,8528699,T,A,MSK_PASSENGER,,0
hg38,9,8528705,C,G,MSK_PASSENGER,,0
hg38,9,8528720,C,G,MSK_PASSENGER,,0
hg38,9,8528722,A,G,MSK_PASSENGER,,0
hg38,9,8528735,G,T,MSK_PASSENGER,,0
hg38,9,8528740,C,T,MSK_PASSENGER,,0
hg38,9,8528741,C,T,MSK_PASSENGER,,0
hg38,9,8528761,C,G,MSK_PASSENGER,,0
hg38,9,8528764,C,A,MSK_PASSENGER,,0
hg38,9,8528767,G,A,MSK_PASSENGER,,0
hg38,9,8528768,G,A,MSK_PASSENGER,,0
hg38,9,8528774,G,T,MSK_PASSENGER,,0
hg38,9,8633334,C,A,MSK_PASSENGER,,0
hg38,9,8633340,G,A,MSK_PASSENGER,,0
hg38,9,8633347,T,C,MSK_PASSENGER,,0
hg38,9,8633355,C,T,MSK_PASSENGER,,0
hg38,9,8633358,A,G,MSK_PASSENGER,,0
hg38,9,8633380,C,T,MSK_PASSENGER,,0
hg38,9,8633390,C,A,MSK_PASSENGER,,0
hg38,9,8633395,C,T,MSK_PASSENGER,,0
hg38,9,8633397,C,T,MSK_PASSENGER,,0
hg38,9,8633401,G,A,MSK_PASSENGER,,0
hg38,9,8633425,G,T,MSK_PASSENGER,,0
hg38,9,8633452,C,T,MSK_PASSENGER,,0
hg38,9,8636706,C,T,MSK_PASSENGER,,0
hg38,9,8636728,C,T,MSK_PASSENGER,,0
hg38,9,8636736,T,C,MSK_PASSENGER,,0
hg38,9,8636759,G,T,MSK_PASSENGER,,0
hg38,9,8636771,T,A,MSK_PASSENGER,,0
hg38,9,8636784,G,A,MSK_PASSENGER,,0
hg38,9,8636793,C,T,MSK_PASSENGER,,0
hg38,9,8636815,C,T,MSK_PASSENGER,,0
hg38,9,8636820,G,A,MSK_PASSENGER,,0
hg38,9,8636826,C,T,MSK_PASSENGER,,0
hg38,9,8636827,G,C,MSK_PASSENGER,,0
hg38,9,8733783,C,G,MSK_PASSENGER,,0
hg38,9,8733789,C,A,MSK_PASSENGER,,0
hg38,9,8733795,G,A,MSK_PASSENGER,,0
hg38,9,8733804,A,C,MSK_PASSENGER,,0
hg38,9,8733830,G,A,MSK_PASSENGER,,0
hg38,9,21968236,G,C,MSK_PASSENGER,,0
hg38,9,21970970,A,T,hotspot,,1
hg38,9,21970973,T,C,hotspot,,1
hg38,9,21970999,C,A,hotspot,,1
hg38,9,21971018,G,A,hotspot,,1
hg38,9,21971037,C,A,hotspot,,1
hg38,9,21971097,C,T,hotspot,,1
hg38,9,21971109,C,T,hotspot,,1
hg38,9,21971112,G,A,hotspot,,1
hg38,9,21971120,C,T,hotspot,,1
hg38,9,21971139,C,T,hotspot,,1
hg38,9,21971163,G,A,MSK_PASSENGER,,0
hg38,9,21974678,C,A,hotspot,,1
hg38,9,21974685,G,A,hotspot,,1
hg38,9,21974704,T,G,hotspot,,1
hg38,9,21974793,G,A,hotspot,,1
hg38,9,22008928,G,A,MSK_PASSENGER,,0
hg38,9,27157900,C,T,MSK_PASSENGER,,0
hg38,9,27157954,G,A,MSK_PASSENGER,,0
hg38,9,27158023,G,A,MSK_PASSENGER,,0
hg38,9,27158028,A,C,MSK_PASSENGER,,0
hg38,9,27158132,G,A,MSK_PASSENGER,,0
hg38,9,27168535,G,T,MSK_PASSENGER,,0
hg38,9,27169585,G,A,MSK_PASSENGER,,0
hg38,9,27172700,G,A,MSK_PASSENGER,,0
hg38,9,27172728,G,A,MSK_PASSENGER,,0
hg38,9,27173262,G,C,MSK_PASSENGER,,0
hg38,9,27180306,G,A,MSK_PASSENGER,,0
hg38,9,27180357,G,A,MSK_PASSENGER,,0
hg38,9,27180363,G,A,MSK_PASSENGER,,0
hg38,9,27190599,C,A,MSK_PASSENGER,,0
hg38,9,27197357,A,G,MSK_PASSENGER,,0
hg38,9,27203076,C,A,MSK_PASSENGER,,0
hg38,9,27203102,C,T,MSK_PASSENGER,,0
hg38,9,27205058,A,T,MSK_PASSENGER,,0
hg38,9,27209157,G,A,MSK_PASSENGER,,0
hg38,9,27212789,C,A,MSK_PASSENGER,,0
hg38,9,27212866,C,T,MSK_PASSENGER,,0
hg38,9,27213494,G,A,MSK_PASSENGER,,0
hg38,9,27213590,A,G,MSK_PASSENGER,,0
hg38,9,27220064,G,A,MSK_PASSENGER,,0
hg38,9,27220118,A,G,MSK_PASSENGER,,0
hg38,9,27229182,G,T,MSK_PASSENGER,,0
hg38,9,36840597,G,T,MSK_PASSENGER,,0
hg38,9,36840603,C,T,MSK_PASSENGER,,0
hg38,9,36840613,C,T,MSK_PASSENGER,,0
hg38,9,36840621,T,C,MSK_PASSENGER,,0
hg38,9,36840622,A,C,MSK_PASSENGER,,0
hg38,9,36840625,A,T,MSK_PASSENGER,,0
hg38,9,36846870,A,C,MSK_PASSENGER,,0
hg38,9,36846911,C,A,MSK_PASSENGER,,0
hg38,9,36882024,G,A,MSK_PASSENGER,,0
hg38,9,36882055,G,A,MSK_PASSENGER,,0
hg38,9,36882067,G,T,MSK_PASSENGER,,0
hg38,9,36923405,G,A,MSK_PASSENGER,,0
hg38,9,36966652,C,T,MSK_PASSENGER,,0
hg38,9,36966709,G,A,MSK_PASSENGER,,0
hg38,9,37002648,C,T,MSK_PASSENGER,,0
hg38,9,37002719,G,A,MSK_PASSENGER,,0
hg38,9,37006508,G,A,MSK_PASSENGER,,0
hg38,9,37015094,G,A,MSK_PASSENGER,,0
hg38,9,37015106,C,T,MSK_PASSENGER,,0
hg38,9,37015112,T,G,MSK_PASSENGER,,0
hg38,9,37015121,C,A,MSK_PASSENGER,,0
hg38,9,37020733,G,A,MSK_PASSENGER,,0
hg38,9,37020738,A,G,MSK_PASSENGER,,0
hg38,9,37020751,G,A,MSK_PASSENGER,,0
hg38,9,37020771,A,C,hotspot,,1
hg38,9,37020793,C,T,MSK_PASSENGER,,0
hg38,9,37034003,G,T,MSK_PASSENGER,,0
hg38,9,37034011,A,T,MSK_PASSENGER,,0
hg38,9,37034015,T,G,MSK_PASSENGER,,0
hg38,9,77794572,T,G,hotspot,,1
hg38,9,77797577,C,T,hotspot,,1
hg38,9,77922196,T,A,hotspot,,1
hg38,9,99138006,C,T,hotspot,,1
hg38,9,99144882,C,T,hotspot,,1
hg38,9,99149253,G,A,hotspot,,1
hg38,9,107487067,T,G,hotspot,,1
hg38,9,125149782,G,A,hotspot,,1
hg38,9,125149801,G,A,hotspot,,1
hg38,9,134436505,C,T,hotspot,,1
hg38,9,135772880,G,A,MSK_PASSENGER,,0
hg38,9,135772916,C,T,MSK_PASSENGER,,0
hg38,9,135786481,G,C,MSK_PASSENGER,,0
hg38,9,136511181,A,C,hotspot,,1
hg38,9,136517781,A,G,hotspot,,1
hg38,9,136517830,C,T,hotspot,,1
hg38,9,136517874,C,A,hotspot,,1
hg38,9,136518597,G,A,hotspot,,1
hg38,9,136518762,C,T,hotspot,,1
hg38,X,15827356,C,T,MSK_PASSENGER,,0
hg38,X,20138595,C,T,hotspot,,1
hg38,X,20138601,C,T,hotspot,,1
hg38,X,20138611,T,C,hotspot,,1
hg38,X,20138613,C,T,hotspot,,1
hg38,X,20138617,C,G,hotspot,,1
hg38,X,20138622,C,T,hotspot,,1
hg38,X,20141630,T,C,hotspot,,1
hg38,X,20141636,G,A,hotspot,,1
hg38,X,40062191,T,C,hotspot,,1
hg38,X,45063471,G,A,hotspot,,1
hg38,X,45079215,A,C,hotspot,,1
hg38,X,47179127,C,G,hotspot,,1
hg38,X,47566722,C,T,hotspot,,1
hg38,X,47566728,C,T,hotspot,,1
hg38,X,53247013,G,T,MSK_PASSENGER,,0
hg38,X,67711621,T,A,hotspot,,1
hg38,X,67717530,G,C,hotspot,,1
hg38,X,67723701,C,T,hotspot,,1
hg38,X,67723710,A,G,hotspot,,1
hg38,X,71119403,G,A,hotspot,,1
hg38,X,71129405,G,C,hotspot,,1
hg38,X,71129408,C,T,hotspot,,1
hg38,X,124045348,G,A,hotspot,,1
